0, 59
1, 89
2, 78
3, 113
4, 100
5, 102
6, 94
7, 130
8, 114
9, 120
10, 106
11, 123
12, 108
13, 114
14, 100
15, 145
16, 128
17, 131
18, 111
19, 134
20, 120
21, 122
22, 104
23, 146
24, 123
25, 121
26, 113
27, 132
28, 116
29, 118
30, 105
31, 162
32, 136
33, 136
34, 122
35, 140
36, 123
37, 129
38, 111
39, 148
40, 125
41, 131
42, 118
43, 139
44, 123
45, 119
46, 112
47, 153
48, 134
49, 135
50, 121
51, 142
52, 123
53, 125
54, 112
55, 143
56, 128
57, 129
58, 117
59, 133
60, 119
61, 121
62, 111
63, 165
64, 145
65, 144
66, 130
67, 150
68, 126
69, 133
70, 118
71, 154
72, 134
73, 138
74, 122
75, 138
76, 128
77, 123
78, 119
79, 158
80, 137
81, 138
82, 126
83, 143
84, 126
85, 124
86, 112
87, 146
88, 129
89, 131
90, 122
91, 139
92, 120
93, 125
94, 110
95, 164
96, 138
97, 140
98, 122
99, 143
100, 129
101, 130
102, 121
103, 154
104, 134
105, 134
106, 122
107, 137
108, 123
109, 124
110, 114
111, 156
112, 136
113, 139
114, 124
115, 138
116, 126
117, 125
118, 114
119, 148
120, 130
121, 133
122, 120
123, 138
124, 121
125, 121
126, 106
127, 170
128, 141
129, 148
130, 134
131, 155
132, 128
133, 132
134, 118
135, 163
136, 133
137, 130
138, 126
139, 141
140, 126
141, 129
142, 112
143, 154
144, 136
145, 142
146, 124
147, 150
148, 130
149, 131
150, 115
151, 154
152, 130
153, 131
154, 122
155, 136
156, 123
157, 125
158, 116
159, 161
160, 148
161, 140
162, 129
163, 146
164, 134
165, 129
166, 119
167, 154
168, 131
169, 132
170, 118
171, 138
172, 129
173, 127
174, 112
175, 161
176, 141
177, 144
178, 122
179, 142
180, 124
181, 127
182, 118
183, 147
184, 128
185, 128
186, 120
187, 138
188, 122
189, 123
190, 113
191, 166
192, 143
193, 150
194, 132
195, 158
196, 133
197, 135
198, 118
199, 149
200, 139
201, 142
202, 123
203, 142
204, 122
205, 129
206, 114
207, 158
208, 139
209, 138
210, 129
211, 146
212, 126
213, 131
214, 118
215, 151
216, 124
217, 135
218, 122
219, 135
220, 120
221, 128
222, 116
223, 162
224, 147
225, 143
226, 124
227, 144
228, 129
229, 132
230, 117
231, 154
232, 131
233, 134
234, 118
235, 141
236, 126
237, 126
238, 110
239, 158
240, 139
241, 137
242, 121
243, 142
244, 124
245, 124
246, 114
247, 150
248, 127
249, 132
250, 117
251, 138
252, 122
253, 127
254, 110
255, 175
256, 150
257, 152
258, 132
259, 159
260, 138
261, 142
262, 118
263, 157
264, 143
265, 137
266, 128
267, 146
268, 129
269, 132
270, 117
271, 162
272, 144
273, 144
274, 129
275, 152
276, 136
277, 135
278, 123
279, 153
280, 130
281, 136
282, 119
283, 142
284, 129
285, 125
286, 115
287, 171
288, 147
289, 144
290, 133
291, 154
292, 135
293, 134
294, 118
295, 157
296, 136
297, 138
298, 125
299, 138
300, 124
301, 133
302, 108
303, 155
304, 139
305, 145
306, 119
307, 147
308, 129
309, 130
310, 120
311, 150
312, 131
313, 134
314, 119
315, 137
316, 125
317, 120
318, 116
319, 168
320, 145
321, 149
322, 129
323, 150
324, 130
325, 136
326, 129
327, 157
328, 140
329, 136
330, 126
331, 144
332, 125
333, 127
334, 117
335, 166
336, 143
337, 139
338, 127
339, 145
340, 130
341, 134
342, 119
343, 151
344, 133
345, 134
346, 122
347, 139
348, 124
349, 124
350, 112
351, 161
352, 145
353, 142
354, 128
355, 151
356, 129
357, 131
358, 123
359, 154
360, 135
361, 140
362, 121
363, 142
364, 124
365, 133
366, 113
367, 161
368, 138
369, 137
370, 125
371, 143
372, 133
373, 132
374, 117
375, 150
376, 135
377, 131
378, 118
379, 136
380, 121
381, 126
382, 113
383, 171
384, 152
385, 148
386, 130
387, 156
388, 135
389, 137
390, 127
391, 154
392, 137
393, 144
394, 124
395, 145
396, 129
397, 129
398, 114
399, 164
400, 147
401, 144
402, 128
403, 146
404, 128
405, 134
406, 117
407, 157
408, 134
409, 133
410, 128
411, 135
412, 126
413, 124
414, 120
415, 164
416, 146
417, 144
418, 134
419, 148
420, 134
421, 137
422, 122
423, 154
424, 136
425, 135
426, 122
427, 143
428, 128
429, 124
430, 116
431, 159
432, 137
433, 141
434, 129
435, 146
436, 130
437, 131
438, 116
439, 150
440, 132
441, 131
442, 117
443, 141
444, 121
445, 131
446, 113
447, 167
448, 150
449, 144
450, 127
451, 148
452, 137
453, 137
454, 123
455, 155
456, 139
457, 139
458, 120
459, 145
460, 123
461, 128
462, 120
463, 160
464, 141
465, 141
466, 125
467, 148
468, 126
469, 134
470, 118
471, 152
472, 129
473, 137
474, 117
475, 139
476, 125
477, 129
478, 110
479, 162
480, 142
481, 142
482, 126
483, 150
484, 132
485, 132
486, 120
487, 155
488, 132
489, 134
490, 123
491, 138
492, 125
493, 127
494, 113
495, 156
496, 136
497, 139
498, 119
499, 138
500, 129
501, 127
502, 116
503, 149
504, 133
505, 132
506, 116
507, 136
508, 122
509, 126
510, 112
511, 178
512, 152
513, 148
514, 131
515, 158
516, 138
517, 141
518, 127
519, 158
520, 143
521, 143
522, 128
523, 147
524, 130
525, 131
526, 116
527, 163
528, 143
529, 141
530, 129
531, 146
532, 132
533, 132
534, 117
535, 153
536, 130
537, 139
538, 125
539, 143
540, 127
541, 127
542, 115
543, 174
544, 152
545, 148
546, 126
547, 153
548, 134
549, 138
550, 117
551, 150
552, 139
553, 136
554, 124
555, 145
556, 127
557, 128
558, 114
559, 157
560, 147
561, 141
562, 130
563, 146
564, 127
565, 129
566, 116
567, 155
568, 129
569, 134
570, 118
571, 140
572, 123
573, 123
574, 108
575, 173
576, 148
577, 149
578, 132
579, 155
580, 137
581, 133
582, 121
583, 161
584, 139
585, 140
586, 126
587, 146
588, 123
589, 128
590, 114
591, 160
592, 142
593, 146
594, 125
595, 148
596, 134
597, 131
598, 111
599, 149
600, 133
601, 142
602, 121
603, 137
604, 126
605, 129
606, 118
607, 167
608, 147
609, 146
610, 130
611, 152
612, 132
613, 133
614, 119
615, 153
616, 134
617, 144
618, 119
619, 139
620, 122
621, 129
622, 117
623, 163
624, 142
625, 139
626, 122
627, 146
628, 130
629, 131
630, 118
631, 153
632, 132
633, 130
634, 123
635, 137
636, 120
637, 129
638, 113
639, 170
640, 155
641, 154
642, 132
643, 156
644, 140
645, 143
646, 121
647, 160
648, 138
649, 141
650, 128
651, 141
652, 127
653, 127
654, 120
655, 159
656, 143
657, 144
658, 129
659, 150
660, 129
661, 134
662, 119
663, 154
664, 135
665, 138
666, 126
667, 139
668, 129
669, 126
670, 115
671, 162
672, 145
673, 145
674, 128
675, 145
676, 133
677, 138
678, 122
679, 157
680, 136
681, 141
682, 122
683, 139
684, 126
685, 127
686, 119
687, 155
688, 137
689, 141
690, 130
691, 142
692, 131
693, 130
694, 117
695, 155
696, 135
697, 132
698, 120
699, 140
700, 124
701, 121
702, 114
703, 170
704, 152
705, 147
706, 133
707, 153
708, 139
709, 134
710, 120
711, 154
712, 137
713, 135
714, 124
715, 144
716, 132
717, 127
718, 113
719, 160
720, 144
721, 140
722, 123
723, 144
724, 129
725, 133
726, 120
727, 152
728, 129
729, 135
730, 125
731, 143
732, 121
733, 131
734, 111
735, 165
736, 139
737, 141
738, 127
739, 150
740, 129
741, 131
742, 118
743, 152
744, 135
745, 142
746, 119
747, 137
748, 126
749, 126
750, 113
751, 163
752, 142
753, 135
754, 128
755, 144
756, 124
757, 129
758, 115
759, 150
760, 131
761, 129
762, 121
763, 138
764, 125
765, 122
766, 111
767, 174
768, 152
769, 151
770, 140
771, 151
772, 140
773, 133
774, 121
775, 157
776, 139
777, 138
778, 123
779, 145
780, 126
781, 133
782, 112
783, 165
784, 144
785, 143
786, 123
787, 148
788, 133
789, 133
790, 119
791, 155
792, 133
793, 133
794, 119
795, 139
796, 125
797, 125
798, 115
799, 166
800, 155
801, 146
802, 130
803, 150
804, 131
805, 135
806, 121
807, 151
808, 137
809, 135
810, 118
811, 141
812, 120
813, 129
814, 113
815, 163
816, 145
817, 140
818, 126
819, 147
820, 130
821, 127
822, 114
823, 150
824, 138
825, 133
826, 119
827, 139
828, 119
829, 123
830, 111
831, 169
832, 143
833, 147
834, 134
835, 151
836, 135
837, 135
838, 124
839, 159
840, 138
841, 139
842, 126
843, 143
844, 129
845, 128
846, 118
847, 161
848, 144
849, 139
850, 131
851, 148
852, 126
853, 132
854, 118
855, 149
856, 138
857, 135
858, 122
859, 138
860, 121
861, 128
862, 112
863, 166
864, 149
865, 146
866, 133
867, 145
868, 131
869, 127
870, 118
871, 156
872, 140
873, 135
874, 119
875, 144
876, 130
877, 126
878, 113
879, 164
880, 138
881, 138
882, 122
883, 144
884, 127
885, 133
886, 120
887, 152
888, 132
889, 130
890, 115
891, 133
892, 124
893, 126
894, 117
895, 171
896, 156
897, 147
898, 133
899, 151
900, 130
901, 136
902, 127
903, 158
904, 135
905, 139
906, 125
907, 144
908, 127
909, 126
910, 121
911, 158
912, 138
913, 140
914, 132
915, 146
916, 128
917, 130
918, 116
919, 150
920, 133
921, 137
922, 119
923, 137
924, 121
925, 124
926, 118
927, 166
928, 152
929, 150
930, 125
931, 149
932, 141
933, 138
934, 115
935, 159
936, 135
937, 142
938, 119
939, 144
940, 124
941, 127
942, 112
943, 162
944, 142
945, 143
946, 122
947, 138
948, 127
949, 132
950, 119
951, 153
952, 135
953, 130
954, 121
955, 141
956, 119
957, 125
958, 113
959, 171
960, 152
961, 143
962, 130
963, 154
964, 134
965, 136
966, 123
967, 153
968, 135
969, 131
970, 121
971, 145
972, 125
973, 131
974, 113
975, 161
976, 140
977, 141
978, 126
979, 145
980, 124
981, 128
982, 124
983, 148
984, 129
985, 137
986, 118
987, 138
988, 129
989, 123
990, 113
991, 164
992, 142
993, 143
994, 125
995, 152
996, 127
997, 134
998, 121
999, 155
1000, 133
1001, 132
1002, 128
1003, 140
1004, 125
1005, 128
1006, 114
1007, 156
1008, 138
1009, 144
1010, 127
1011, 140
1012, 130
1013, 130
1014, 116
1015, 150
1016, 131
1017, 132
1018, 124
1019, 138
1020, 118
1021, 120
1022, 115
1023, 178
1024, 155
1025, 157
1026, 133
1027, 157
1028, 142
1029, 140
1030, 131
1031, 163
1032, 140
1033, 144
1034, 130
1035, 141
1036, 125
1037, 131
1038, 121
1039, 169
1040, 140
1041, 146
1042, 125
1043, 151
1044, 132
1045, 133
1046, 123
1047, 153
1048, 140
1049, 138
1050, 124
1051, 148
1052, 126
1053, 131
1054, 112
1055, 180
1056, 148
1057, 148
1058, 130
1059, 149
1060, 132
1061, 135
1062, 120
1063, 155
1064, 137
1065, 140
1066, 123
1067, 142
1068, 131
1069, 133
1070, 118
1071, 163
1072, 148
1073, 138
1074, 122
1075, 143
1076, 136
1077, 133
1078, 119
1079, 153
1080, 129
1081, 131
1082, 118
1083, 142
1084, 129
1085, 129
1086, 113
1087, 171
1088, 149
1089, 150
1090, 134
1091, 154
1092, 138
1093, 136
1094, 125
1095, 162
1096, 146
1097, 137
1098, 119
1099, 144
1100, 128
1101, 128
1102, 123
1103, 167
1104, 144
1105, 147
1106, 126
1107, 146
1108, 131
1109, 132
1110, 118
1111, 150
1112, 136
1113, 140
1114, 122
1115, 139
1116, 122
1117, 130
1118, 112
1119, 163
1120, 145
1121, 145
1122, 128
1123, 149
1124, 132
1125, 131
1126, 120
1127, 157
1128, 136
1129, 137
1130, 125
1131, 145
1132, 124
1133, 128
1134, 115
1135, 163
1136, 138
1137, 141
1138, 126
1139, 145
1140, 126
1141, 131
1142, 119
1143, 147
1144, 130
1145, 134
1146, 117
1147, 137
1148, 121
1149, 126
1150, 113
1151, 176
1152, 154
1153, 152
1154, 133
1155, 157
1156, 134
1157, 140
1158, 126
1159, 160
1160, 141
1161, 144
1162, 123
1163, 146
1164, 130
1165, 132
1166, 118
1167, 165
1168, 151
1169, 143
1170, 127
1171, 148
1172, 136
1173, 132
1174, 119
1175, 157
1176, 137
1177, 136
1178, 120
1179, 141
1180, 126
1181, 133
1182, 116
1183, 174
1184, 149
1185, 145
1186, 133
1187, 148
1188, 132
1189, 128
1190, 120
1191, 157
1192, 139
1193, 136
1194, 120
1195, 145
1196, 125
1197, 122
1198, 120
1199, 157
1200, 143
1201, 143
1202, 127
1203, 149
1204, 126
1205, 131
1206, 121
1207, 153
1208, 132
1209, 134
1210, 120
1211, 139
1212, 124
1213, 127
1214, 112
1215, 169
1216, 151
1217, 144
1218, 132
1219, 156
1220, 138
1221, 134
1222, 123
1223, 158
1224, 138
1225, 135
1226, 120
1227, 143
1228, 127
1229, 133
1230, 116
1231, 160
1232, 146
1233, 145
1234, 124
1235, 145
1236, 132
1237, 133
1238, 116
1239, 151
1240, 129
1241, 137
1242, 125
1243, 133
1244, 120
1245, 128
1246, 116
1247, 161
1248, 144
1249, 147
1250, 135
1251, 148
1252, 130
1253, 132
1254, 120
1255, 155
1256, 131
1257, 135
1258, 122
1259, 139
1260, 120
1261, 127
1262, 112
1263, 159
1264, 140
1265, 138
1266, 128
1267, 147
1268, 123
1269, 130
1270, 114
1271, 153
1272, 126
1273, 131
1274, 119
1275, 136
1276, 125
1277, 122
1278, 114
1279, 176
1280, 148
1281, 149
1282, 133
1283, 155
1284, 143
1285, 142
1286, 130
1287, 162
1288, 141
1289, 147
1290, 125
1291, 149
1292, 127
1293, 127
1294, 122
1295, 163
1296, 142
1297, 144
1298, 131
1299, 144
1300, 131
1301, 135
1302, 122
1303, 155
1304, 139
1305, 137
1306, 128
1307, 143
1308, 124
1309, 128
1310, 115
1311, 166
1312, 151
1313, 148
1314, 135
1315, 149
1316, 133
1317, 135
1318, 123
1319, 153
1320, 131
1321, 135
1322, 118
1323, 148
1324, 129
1325, 129
1326, 110
1327, 160
1328, 141
1329, 138
1330, 128
1331, 144
1332, 133
1333, 133
1334, 116
1335, 152
1336, 130
1337, 137
1338, 122
1339, 144
1340, 122
1341, 129
1342, 113
1343, 169
1344, 149
1345, 144
1346, 137
1347, 149
1348, 137
1349, 139
1350, 130
1351, 162
1352, 144
1353, 141
1354, 121
1355, 145
1356, 123
1357, 130
1358, 115
1359, 166
1360, 146
1361, 139
1362, 125
1363, 145
1364, 131
1365, 130
1366, 120
1367, 158
1368, 135
1369, 135
1370, 120
1371, 137
1372, 127
1373, 133
1374, 117
1375, 166
1376, 149
1377, 142
1378, 129
1379, 148
1380, 133
1381, 136
1382, 119
1383, 157
1384, 136
1385, 136
1386, 124
1387, 141
1388, 123
1389, 127
1390, 114
1391, 161
1392, 140
1393, 135
1394, 128
1395, 151
1396, 126
1397, 126
1398, 110
1399, 154
1400, 132
1401, 127
1402, 119
1403, 138
1404, 124
1405, 123
1406, 115
1407, 174
1408, 147
1409, 147
1410, 138
1411, 154
1412, 135
1413, 138
1414, 123
1415, 163
1416, 137
1417, 141
1418, 125
1419, 143
1420, 132
1421, 130
1422, 112
1423, 166
1424, 139
1425, 143
1426, 128
1427, 145
1428, 135
1429, 135
1430, 115
1431, 150
1432, 135
1433, 135
1434, 122
1435, 142
1436, 125
1437, 126
1438, 116
1439, 169
1440, 145
1441, 146
1442, 130
1443, 150
1444, 132
1445, 137
1446, 116
1447, 158
1448, 137
1449, 136
1450, 124
1451, 143
1452, 127
1453, 128
1454, 110
1455, 166
1456, 135
1457, 142
1458, 120
1459, 141
1460, 128
1461, 131
1462, 116
1463, 150
1464, 133
1465, 133
1466, 120
1467, 142
1468, 122
1469, 130
1470, 113
1471, 177
1472, 145
1473, 144
1474, 132
1475, 153
1476, 136
1477, 137
1478, 122
1479, 152
1480, 140
1481, 137
1482, 128
1483, 141
1484, 124
1485, 132
1486, 118
1487, 166
1488, 139
1489, 140
1490, 125
1491, 145
1492, 133
1493, 131
1494, 123
1495, 152
1496, 134
1497, 137
1498, 121
1499, 145
1500, 123
1501, 125
1502, 111
1503, 163
1504, 143
1505, 141
1506, 124
1507, 144
1508, 132
1509, 133
1510, 115
1511, 154
1512, 136
1513, 135
1514, 119
1515, 142
1516, 122
1517, 129
1518, 117
1519, 162
1520, 139
1521, 137
1522, 123
1523, 144
1524, 129
1525, 127
1526, 115
1527, 153
1528, 126
1529, 125
1530, 116
1531, 139
1532, 121
1533, 123
1534, 114
1535, 180
1536, 159
1537, 156
1538, 137
1539, 154
1540, 139
1541, 138
1542, 124
1543, 165
1544, 140
1545, 136
1546, 127
1547, 150
1548, 128
1549, 135
1550, 117
1551, 171
1552, 146
1553, 145
1554, 131
1555, 150
1556, 132
1557, 135
1558, 124
1559, 159
1560, 135
1561, 136
1562, 123
1563, 141
1564, 126
1565, 127
1566, 117
1567, 170
1568, 148
1569, 149
1570, 127
1571, 145
1572, 132
1573, 136
1574, 123
1575, 158
1576, 137
1577, 137
1578, 124
1579, 141
1580, 131
1581, 131
1582, 107
1583, 163
1584, 145
1585, 139
1586, 130
1587, 145
1588, 131
1589, 132
1590, 115
1591, 152
1592, 127
1593, 132
1594, 121
1595, 143
1596, 120
1597, 127
1598, 114
1599, 170
1600, 149
1601, 154
1602, 123
1603, 154
1604, 133
1605, 138
1606, 119
1607, 157
1608, 145
1609, 138
1610, 129
1611, 149
1612, 125
1613, 128
1614, 118
1615, 162
1616, 143
1617, 140
1618, 126
1619, 149
1620, 129
1621, 133
1622, 119
1623, 153
1624, 134
1625, 137
1626, 118
1627, 142
1628, 125
1629, 129
1630, 114
1631, 163
1632, 148
1633, 141
1634, 127
1635, 150
1636, 130
1637, 138
1638, 118
1639, 154
1640, 132
1641, 137
1642, 122
1643, 143
1644, 127
1645, 127
1646, 117
1647, 156
1648, 137
1649, 140
1650, 124
1651, 146
1652, 130
1653, 128
1654, 113
1655, 150
1656, 137
1657, 131
1658, 124
1659, 138
1660, 125
1661, 125
1662, 114
1663, 177
1664, 148
1665, 148
1666, 134
1667, 150
1668, 135
1669, 136
1670, 126
1671, 161
1672, 139
1673, 138
1674, 126
1675, 143
1676, 126
1677, 133
1678, 122
1679, 164
1680, 147
1681, 137
1682, 127
1683, 143
1684, 130
1685, 134
1686, 119
1687, 153
1688, 140
1689, 134
1690, 117
1691, 137
1692, 123
1693, 126
1694, 118
1695, 165
1696, 143
1697, 147
1698, 131
1699, 148
1700, 126
1701, 136
1702, 121
1703, 157
1704, 135
1705, 138
1706, 121
1707, 142
1708, 130
1709, 126
1710, 117
1711, 158
1712, 143
1713, 140
1714, 122
1715, 144
1716, 129
1717, 128
1718, 117
1719, 152
1720, 129
1721, 138
1722, 119
1723, 142
1724, 118
1725, 127
1726, 114
1727, 169
1728, 151
1729, 147
1730, 133
1731, 155
1732, 134
1733, 137
1734, 123
1735, 158
1736, 140
1737, 140
1738, 120
1739, 141
1740, 133
1741, 126
1742, 116
1743, 163
1744, 138
1745, 143
1746, 124
1747, 146
1748, 127
1749, 136
1750, 120
1751, 151
1752, 134
1753, 133
1754, 116
1755, 137
1756, 123
1757, 123
1758, 115
1759, 168
1760, 150
1761, 145
1762, 126
1763, 148
1764, 131
1765, 131
1766, 120
1767, 161
1768, 133
1769, 137
1770, 118
1771, 141
1772, 129
1773, 127
1774, 112
1775, 160
1776, 137
1777, 136
1778, 130
1779, 147
1780, 127
1781, 129
1782, 121
1783, 149
1784, 129
1785, 125
1786, 122
1787, 139
1788, 123
1789, 125
1790, 110
1791, 171
1792, 151
1793, 150
1794, 131
1795, 155
1796, 141
1797, 136
1798, 128
1799, 161
1800, 137
1801, 140
1802, 127
1803, 148
1804, 124
1805, 130
1806, 113
1807, 164
1808, 148
1809, 149
1810, 136
1811, 145
1812, 126
1813, 133
1814, 116
1815, 153
1816, 132
1817, 135
1818, 121
1819, 143
1820, 124
1821, 124
1822, 116
1823, 166
1824, 150
1825, 147
1826, 131
1827, 150
1828, 129
1829, 133
1830, 127
1831, 155
1832, 140
1833, 137
1834, 127
1835, 143
1836, 128
1837, 129
1838, 115
1839, 161
1840, 137
1841, 137
1842, 122
1843, 145
1844, 131
1845, 132
1846, 121
1847, 151
1848, 133
1849, 132
1850, 122
1851, 140
1852, 124
1853, 125
1854, 115
1855, 169
1856, 148
1857, 146
1858, 133
1859, 154
1860, 132
1861, 131
1862, 123
1863, 156
1864, 141
1865, 140
1866, 127
1867, 139
1868, 131
1869, 130
1870, 118
1871, 159
1872, 142
1873, 147
1874, 127
1875, 146
1876, 131
1877, 129
1878, 118
1879, 152
1880, 136
1881, 138
1882, 123
1883, 133
1884, 130
1885, 128
1886, 113
1887, 164
1888, 148
1889, 143
1890, 134
1891, 148
1892, 131
1893, 130
1894, 118
1895, 160
1896, 136
1897, 131
1898, 117
1899, 143
1900, 122
1901, 129
1902, 115
1903, 161
1904, 139
1905, 140
1906, 125
1907, 144
1908, 123
1909, 126
1910, 117
1911, 150
1912, 137
1913, 132
1914, 120
1915, 138
1916, 125
1917, 125
1918, 115
1919, 170
1920, 147
1921, 153
1922, 136
1923, 152
1924, 132
1925, 137
1926, 122
1927, 159
1928, 137
1929, 136
1930, 122
1931, 146
1932, 126
1933, 133
1934, 112
1935, 164
1936, 148
1937, 142
1938, 131
1939, 152
1940, 130
1941, 131
1942, 118
1943, 150
1944, 134
1945, 133
1946, 126
1947, 141
1948, 122
1949, 129
1950, 119
1951, 174
1952, 140
1953, 145
1954, 131
1955, 153
1956, 131
1957, 134
1958, 118
1959, 153
1960, 142
1961, 137
1962, 119
1963, 141
1964, 126
1965, 125
1966, 117
1967, 167
1968, 137
1969, 141
1970, 119
1971, 151
1972, 126
1973, 129
1974, 118
1975, 149
1976, 138
1977, 135
1978, 115
1979, 136
1980, 128
1981, 124
1982, 115
1983, 169
1984, 154
1985, 143
1986, 135
1987, 153
1988, 135
1989, 135
1990, 119
1991, 157
1992, 138
1993, 135
1994, 120
1995, 148
1996, 121
1997, 131
1998, 120
1999, 163
2000, 138
2001, 146
2002, 127
2003, 147
2004, 135
2005, 128
2006, 118
2007, 154
2008, 130
2009, 137
2010, 125
2011, 141
2012, 123
2013, 126
2014, 113
2015, 167
2016, 146
2017, 141
2018, 132
2019, 150
2020, 131
2021, 130
2022, 115
2023, 150
2024, 139
2025, 135
2026, 122
2027, 150
2028, 127
2029, 125
2030, 113
2031, 159
2032, 137
2033, 140
2034, 123
2035, 142
2036, 124
2037, 128
2038, 113
2039, 154
2040, 134
2041, 131
2042, 121
2043, 140
2044, 126
2045, 126
2046, 114
2047, 178
2048, 148
2049, 154
2050, 136
2051, 157
2052, 143
2053, 137
2054, 122
2055, 168
2056, 136
2057, 145
2058, 129
2059, 151
2060, 129
2061, 130
2062, 118
2063, 164
2064, 148
2065, 147
2066, 129
2067, 154
2068, 128
2069, 130
2070, 124
2071, 157
2072, 141
2073, 135
2074, 127
2075, 144
2076, 128
2077, 133
2078, 113
2079, 172
2080, 150
2081, 150
2082, 130
2083, 153
2084, 136
2085, 132
2086, 129
2087, 155
2088, 140
2089, 143
2090, 121
2091, 143
2092, 129
2093, 128
2094, 117
2095, 166
2096, 145
2097, 142
2098, 127
2099, 147
2100, 126
2101, 136
2102, 117
2103, 156
2104, 135
2105, 132
2106, 119
2107, 140
2108, 125
2109, 127
2110, 110
2111, 167
2112, 148
2113, 151
2114, 136
2115, 153
2116, 135
2117, 137
2118, 116
2119, 162
2120, 144
2121, 139
2122, 127
2123, 146
2124, 127
2125, 131
2126, 118
2127, 163
2128, 144
2129, 139
2130, 127
2131, 149
2132, 133
2133, 133
2134, 119
2135, 154
2136, 130
2137, 136
2138, 124
2139, 141
2140, 126
2141, 127
2142, 112
2143, 170
2144, 149
2145, 145
2146, 131
2147, 150
2148, 130
2149, 138
2150, 121
2151, 157
2152, 138
2153, 139
2154, 125
2155, 143
2156, 128
2157, 131
2158, 116
2159, 161
2160, 138
2161, 142
2162, 128
2163, 146
2164, 128
2165, 132
2166, 118
2167, 152
2168, 135
2169, 132
2170, 121
2171, 138
2172, 126
2173, 124
2174, 109
2175, 177
2176, 150
2177, 148
2178, 128
2179, 154
2180, 137
2181, 138
2182, 116
2183, 158
2184, 141
2185, 139
2186, 126
2187, 150
2188, 130
2189, 134
2190, 114
2191, 162
2192, 138
2193, 147
2194, 124
2195, 150
2196, 132
2197, 129
2198, 117
2199, 156
2200, 136
2201, 136
2202, 122
2203, 143
2204, 126
2205, 129
2206, 112
2207, 169
2208, 145
2209, 145
2210, 131
2211, 151
2212, 136
2213, 135
2214, 122
2215, 158
2216, 141
2217, 137
2218, 123
2219, 142
2220, 120
2221, 131
2222, 116
2223, 166
2224, 142
2225, 138
2226, 121
2227, 145
2228, 126
2229, 132
2230, 118
2231, 151
2232, 134
2233, 127
2234, 126
2235, 137
2236, 119
2237, 130
2238, 112
2239, 171
2240, 149
2241, 152
2242, 129
2243, 155
2244, 132
2245, 141
2246, 124
2247, 161
2248, 139
2249, 141
2250, 131
2251, 141
2252, 131
2253, 130
2254, 116
2255, 165
2256, 144
2257, 145
2258, 128
2259, 152
2260, 131
2261, 131
2262, 121
2263, 152
2264, 132
2265, 134
2266, 116
2267, 143
2268, 123
2269, 126
2270, 112
2271, 168
2272, 146
2273, 147
2274, 131
2275, 150
2276, 127
2277, 135
2278, 118
2279, 150
2280, 129
2281, 139
2282, 123
2283, 142
2284, 121
2285, 129
2286, 118
2287, 161
2288, 143
2289, 141
2290, 123
2291, 146
2292, 128
2293, 135
2294, 114
2295, 149
2296, 134
2297, 133
2298, 119
2299, 138
2300, 125
2301, 124
2302, 109
2303, 180
2304, 153
2305, 148
2306, 134
2307, 153
2308, 134
2309, 138
2310, 126
2311, 162
2312, 140
2313, 141
2314, 123
2315, 143
2316, 129
2317, 129
2318, 118
2319, 167
2320, 151
2321, 148
2322, 128
2323, 146
2324, 127
2325, 138
2326, 123
2327, 154
2328, 136
2329, 136
2330, 121
2331, 142
2332, 122
2333, 131
2334, 111
2335, 171
2336, 148
2337, 143
2338, 129
2339, 152
2340, 127
2341, 136
2342, 121
2343, 157
2344, 135
2345, 137
2346, 125
2347, 142
2348, 125
2349, 136
2350, 120
2351, 166
2352, 137
2353, 139
2354, 131
2355, 143
2356, 135
2357, 136
2358, 118
2359, 156
2360, 133
2361, 134
2362, 119
2363, 139
2364, 120
2365, 130
2366, 110
2367, 163
2368, 147
2369, 150
2370, 134
2371, 148
2372, 138
2373, 135
2374, 122
2375, 161
2376, 136
2377, 137
2378, 127
2379, 145
2380, 127
2381, 125
2382, 117
2383, 163
2384, 146
2385, 146
2386, 123
2387, 150
2388, 132
2389, 131
2390, 121
2391, 152
2392, 133
2393, 140
2394, 116
2395, 140
2396, 123
2397, 129
2398, 119
2399, 168
2400, 144
2401, 147
2402, 136
2403, 151
2404, 137
2405, 132
2406, 121
2407, 158
2408, 138
2409, 136
2410, 116
2411, 142
2412, 126
2413, 127
2414, 114
2415, 159
2416, 142
2417, 142
2418, 123
2419, 146
2420, 132
2421, 129
2422, 116
2423, 150
2424, 130
2425, 135
2426, 114
2427, 141
2428, 122
2429, 123
2430, 113
2431, 175
2432, 153
2433, 152
2434, 134
2435, 154
2436, 129
2437, 132
2438, 126
2439, 157
2440, 139
2441, 141
2442, 123
2443, 147
2444, 127
2445, 131
2446, 116
2447, 163
2448, 143
2449, 143
2450, 129
2451, 149
2452, 135
2453, 136
2454, 118
2455, 152
2456, 136
2457, 138
2458, 126
2459, 143
2460, 127
2461, 127
2462, 116
2463, 166
2464, 147
2465, 143
2466, 127
2467, 150
2468, 130
2469, 135
2470, 119
2471, 159
2472, 134
2473, 137
2474, 127
2475, 143
2476, 121
2477, 127
2478, 116
2479, 159
2480, 137
2481, 143
2482, 120
2483, 146
2484, 130
2485, 133
2486, 117
2487, 154
2488, 131
2489, 133
2490, 119
2491, 139
2492, 119
2493, 122
2494, 114
2495, 175
2496, 154
2497, 151
2498, 131
2499, 150
2500, 132
2501, 131
2502, 119
2503, 159
2504, 135
2505, 141
2506, 123
2507, 146
2508, 129
2509, 132
2510, 117
2511, 161
2512, 141
2513, 144
2514, 126
2515, 145
2516, 129
2517, 129
2518, 117
2519, 154
2520, 137
2521, 134
2522, 122
2523, 140
2524, 126
2525, 128
2526, 114
2527, 163
2528, 148
2529, 146
2530, 130
2531, 147
2532, 132
2533, 130
2534, 120
2535, 155
2536, 133
2537, 135
2538, 127
2539, 143
2540, 127
2541, 127
2542, 111
2543, 158
2544, 134
2545, 143
2546, 131
2547, 145
2548, 127
2549, 132
2550, 114
2551, 146
2552, 128
2553, 128
2554, 116
2555, 141
2556, 122
2557, 129
2558, 113
2559, 181
2560, 154
2561, 151
2562, 135
2563, 156
2564, 137
2565, 143
2566, 122
2567, 156
2568, 145
2569, 144
2570, 130
2571, 145
2572, 130
2573, 127
2574, 120
2575, 162
2576, 141
2577, 144
2578, 130
2579, 149
2580, 129
2581, 137
2582, 123
2583, 157
2584, 134
2585, 134
2586, 122
2587, 144
2588, 120
2589, 127
2590, 119
2591, 174
2592, 150
2593, 145
2594, 130
2595, 150
2596, 135
2597, 134
2598, 121
2599, 159
2600, 134
2601, 140
2602, 121
2603, 146
2604, 129
2605, 129
2606, 117
2607, 162
2608, 139
2609, 141
2610, 129
2611, 147
2612, 134
2613, 131
2614, 117
2615, 150
2616, 135
2617, 132
2618, 124
2619, 139
2620, 121
2621, 129
2622, 113
2623, 178
2624, 151
2625, 151
2626, 128
2627, 149
2628, 135
2629, 133
2630, 123
2631, 161
2632, 139
2633, 142
2634, 127
2635, 144
2636, 123
2637, 131
2638, 116
2639, 166
2640, 142
2641, 146
2642, 130
2643, 146
2644, 131
2645, 133
2646, 119
2647, 150
2648, 137
2649, 131
2650, 122
2651, 141
2652, 123
2653, 124
2654, 114
2655, 165
2656, 143
2657, 147
2658, 132
2659, 146
2660, 131
2661, 133
2662, 113
2663, 159
2664, 136
2665, 141
2666, 119
2667, 142
2668, 123
2669, 127
2670, 114
2671, 155
2672, 142
2673, 139
2674, 124
2675, 144
2676, 130
2677, 128
2678, 125
2679, 153
2680, 132
2681, 135
2682, 111
2683, 137
2684, 119
2685, 124
2686, 109
2687, 171
2688, 152
2689, 153
2690, 138
2691, 162
2692, 130
2693, 136
2694, 125
2695, 163
2696, 139
2697, 142
2698, 124
2699, 150
2700, 130
2701, 133
2702, 118
2703, 166
2704, 143
2705, 138
2706, 130
2707, 150
2708, 126
2709, 137
2710, 122
2711, 152
2712, 134
2713, 136
2714, 122
2715, 144
2716, 126
2717, 130
2718, 112
2719, 163
2720, 149
2721, 146
2722, 128
2723, 154
2724, 131
2725, 133
2726, 125
2727, 155
2728, 136
2729, 137
2730, 129
2731, 144
2732, 124
2733, 130
2734, 116
2735, 158
2736, 139
2737, 143
2738, 128
2739, 146
2740, 134
2741, 134
2742, 114
2743, 152
2744, 134
2745, 136
2746, 115
2747, 141
2748, 125
2749, 122
2750, 112
2751, 172
2752, 147
2753, 149
2754, 133
2755, 153
2756, 133
2757, 133
2758, 128
2759, 161
2760, 139
2761, 136
2762, 129
2763, 144
2764, 126
2765, 130
2766, 117
2767, 168
2768, 139
2769, 147
2770, 127
2771, 150
2772, 127
2773, 132
2774, 119
2775, 151
2776, 139
2777, 135
2778, 118
2779, 141
2780, 119
2781, 127
2782, 115
2783, 165
2784, 143
2785, 144
2786, 124
2787, 148
2788, 131
2789, 132
2790, 119
2791, 157
2792, 134
2793, 135
2794, 125
2795, 144
2796, 126
2797, 130
2798, 110
2799, 163
2800, 142
2801, 141
2802, 129
2803, 143
2804, 126
2805, 128
2806, 118
2807, 152
2808, 131
2809, 133
2810, 116
2811, 136
2812, 119
2813, 126
2814, 117
2815, 180
2816, 152
2817, 153
2818, 135
2819, 153
2820, 142
2821, 136
2822, 126
2823, 163
2824, 139
2825, 138
2826, 129
2827, 145
2828, 126
2829, 134
2830, 121
2831, 161
2832, 143
2833, 140
2834, 128
2835, 146
2836, 130
2837, 138
2838, 126
2839, 153
2840, 134
2841, 142
2842, 124
2843, 138
2844, 128
2845, 131
2846, 116
2847, 170
2848, 145
2849, 150
2850, 131
2851, 150
2852, 131
2853, 131
2854, 123
2855, 157
2856, 136
2857, 134
2858, 125
2859, 141
2860, 126
2861, 133
2862, 114
2863, 161
2864, 145
2865, 147
2866, 124
2867, 143
2868, 129
2869, 131
2870, 117
2871, 151
2872, 129
2873, 140
2874, 119
2875, 141
2876, 126
2877, 123
2878, 113
2879, 174
2880, 153
2881, 149
2882, 133
2883, 156
2884, 130
2885, 136
2886, 125
2887, 158
2888, 140
2889, 140
2890, 125
2891, 142
2892, 127
2893, 125
2894, 117
2895, 166
2896, 142
2897, 139
2898, 125
2899, 146
2900, 130
2901, 127
2902, 121
2903, 151
2904, 132
2905, 128
2906, 124
2907, 141
2908, 123
2909, 127
2910, 117
2911, 171
2912, 147
2913, 149
2914, 125
2915, 146
2916, 132
2917, 137
2918, 117
2919, 156
2920, 137
2921, 139
2922, 119
2923, 141
2924, 125
2925, 131
2926, 115
2927, 161
2928, 139
2929, 135
2930, 127
2931, 145
2932, 130
2933, 134
2934, 114
2935, 148
2936, 137
2937, 137
2938, 113
2939, 142
2940, 123
2941, 131
2942, 111
2943, 173
2944, 151
2945, 152
2946, 130
2947, 155
2948, 133
2949, 136
2950, 120
2951, 156
2952, 135
2953, 143
2954, 126
2955, 147
2956, 125
2957, 132
2958, 119
2959, 161
2960, 142
2961, 145
2962, 130
2963, 146
2964, 132
2965, 131
2966, 119
2967, 152
2968, 137
2969, 133
2970, 120
2971, 145
2972, 125
2973, 125
2974, 116
2975, 170
2976, 150
2977, 145
2978, 124
2979, 154
2980, 133
2981, 133
2982, 127
2983, 155
2984, 135
2985, 140
2986, 121
2987, 139
2988, 125
2989, 131
2990, 117
2991, 163
2992, 136
2993, 143
2994, 124
2995, 140
2996, 129
2997, 126
2998, 112
2999, 152
3000, 129
3001, 135
3002, 123
3003, 140
3004, 120
3005, 127
3006, 110
3007, 176
3008, 152
3009, 152
3010, 132
3011, 154
3012, 139
3013, 136
3014, 120
3015, 160
3016, 141
3017, 141
3018, 124
3019, 146
3020, 120
3021, 126
3022, 123
3023, 166
3024, 139
3025, 138
3026, 131
3027, 144
3028, 128
3029, 133
3030, 116
3031, 151
3032, 134
3033, 133
3034, 119
3035, 143
3036, 116
3037, 127
3038, 117
3039, 169
3040, 145
3041, 143
3042, 126
3043, 148
3044, 136
3045, 132
3046, 118
3047, 152
3048, 135
3049, 132
3050, 123
3051, 138
3052, 131
3053, 123
3054, 114
3055, 159
3056, 135
3057, 139
3058, 126
3059, 142
3060, 125
3061, 130
3062, 110
3063, 150
3064, 126
3065, 127
3066, 117
3067, 141
3068, 126
3069, 121
3070, 116
3071, 177
3072, 155
3073, 147
3074, 138
3075, 153
3076, 140
3077, 134
3078, 122
3079, 161
3080, 141
3081, 140
3082, 128
3083, 144
3084, 131
3085, 134
3086, 128
3087, 164
3088, 146
3089, 144
3090, 131
3091, 151
3092, 132
3093, 134
3094, 120
3095, 157
3096, 134
3097, 142
3098, 118
3099, 139
3100, 130
3101, 129
3102, 115
3103, 174
3104, 145
3105, 150
3106, 130
3107, 155
3108, 130
3109, 132
3110, 124
3111, 160
3112, 134
3113, 136
3114, 127
3115, 144
3116, 124
3117, 131
3118, 116
3119, 161
3120, 140
3121, 136
3122, 128
3123, 150
3124, 133
3125, 129
3126, 119
3127, 156
3128, 139
3129, 133
3130, 123
3131, 140
3132, 124
3133, 132
3134, 112
3135, 177
3136, 155
3137, 150
3138, 136
3139, 156
3140, 134
3141, 136
3142, 124
3143, 159
3144, 143
3145, 139
3146, 127
3147, 144
3148, 127
3149, 133
3150, 117
3151, 162
3152, 143
3153, 140
3154, 128
3155, 151
3156, 128
3157, 140
3158, 118
3159, 150
3160, 132
3161, 136
3162, 124
3163, 139
3164, 121
3165, 128
3166, 120
3167, 163
3168, 146
3169, 144
3170, 130
3171, 150
3172, 134
3173, 130
3174, 119
3175, 153
3176, 138
3177, 138
3178, 124
3179, 142
3180, 123
3181, 126
3182, 116
3183, 158
3184, 139
3185, 144
3186, 134
3187, 142
3188, 128
3189, 134
3190, 112
3191, 148
3192, 133
3193, 130
3194, 119
3195, 142
3196, 119
3197, 126
3198, 113
3199, 179
3200, 150
3201, 154
3202, 135
3203, 154
3204, 142
3205, 141
3206, 124
3207, 163
3208, 136
3209, 138
3210, 123
3211, 151
3212, 126
3213, 132
3214, 116
3215, 165
3216, 140
3217, 138
3218, 127
3219, 149
3220, 132
3221, 136
3222, 121
3223, 154
3224, 134
3225, 136
3226, 124
3227, 142
3228, 122
3229, 126
3230, 114
3231, 175
3232, 148
3233, 149
3234, 123
3235, 150
3236, 132
3237, 136
3238, 124
3239, 158
3240, 137
3241, 139
3242, 123
3243, 142
3244, 131
3245, 128
3246, 118
3247, 163
3248, 145
3249, 135
3250, 128
3251, 143
3252, 125
3253, 138
3254, 114
3255, 153
3256, 134
3257, 136
3258, 118
3259, 140
3260, 123
3261, 124
3262, 112
3263, 169
3264, 144
3265, 148
3266, 138
3267, 154
3268, 130
3269, 134
3270, 120
3271, 154
3272, 138
3273, 135
3274, 124
3275, 145
3276, 127
3277, 132
3278, 117
3279, 163
3280, 139
3281, 136
3282, 127
3283, 147
3284, 126
3285, 130
3286, 118
3287, 154
3288, 137
3289, 136
3290, 123
3291, 137
3292, 127
3293, 130
3294, 111
3295, 165
3296, 145
3297, 144
3298, 129
3299, 147
3300, 135
3301, 135
3302, 125
3303, 156
3304, 136
3305, 136
3306, 118
3307, 141
3308, 128
3309, 125
3310, 116
3311, 156
3312, 142
3313, 138
3314, 122
3315, 145
3316, 130
3317, 127
3318, 113
3319, 152
3320, 138
3321, 130
3322, 121
3323, 143
3324, 122
3325, 126
3326, 113
3327, 175
3328, 158
3329, 151
3330, 138
3331, 158
3332, 137
3333, 134
3334, 124
3335, 168
3336, 139
3337, 137
3338, 129
3339, 146
3340, 134
3341, 140
3342, 124
3343, 167
3344, 141
3345, 142
3346, 129
3347, 150
3348, 128
3349, 136
3350, 121
3351, 154
3352, 137
3353, 136
3354, 118
3355, 148
3356, 125
3357, 125
3358, 117
3359, 171
3360, 151
3361, 148
3362, 128
3363, 156
3364, 131
3365, 132
3366, 121
3367, 162
3368, 145
3369, 143
3370, 122
3371, 139
3372, 130
3373, 133
3374, 113
3375, 164
3376, 142
3377, 141
3378, 127
3379, 145
3380, 126
3381, 132
3382, 119
3383, 153
3384, 137
3385, 134
3386, 119
3387, 137
3388, 118
3389, 129
3390, 118
3391, 169
3392, 149
3393, 143
3394, 131
3395, 155
3396, 128
3397, 136
3398, 122
3399, 158
3400, 145
3401, 139
3402, 124
3403, 143
3404, 127
3405, 135
3406, 113
3407, 160
3408, 146
3409, 138
3410, 126
3411, 148
3412, 131
3413, 131
3414, 115
3415, 156
3416, 134
3417, 137
3418, 117
3419, 142
3420, 126
3421, 126
3422, 113
3423, 166
3424, 144
3425, 146
3426, 125
3427, 153
3428, 130
3429, 133
3430, 117
3431, 153
3432, 132
3433, 137
3434, 124
3435, 144
3436, 123
3437, 130
3438, 114
3439, 163
3440, 145
3441, 138
3442, 122
3443, 143
3444, 134
3445, 130
3446, 111
3447, 144
3448, 134
3449, 133
3450, 119
3451, 131
3452, 127
3453, 126
3454, 112
3455, 177
3456, 150
3457, 149
3458, 137
3459, 158
3460, 134
3461, 138
3462, 126
3463, 158
3464, 141
3465, 140
3466, 121
3467, 140
3468, 130
3469, 127
3470, 118
3471, 164
3472, 146
3473, 140
3474, 133
3475, 150
3476, 129
3477, 135
3478, 121
3479, 156
3480, 135
3481, 133
3482, 126
3483, 144
3484, 125
3485, 128
3486, 117
3487, 164
3488, 152
3489, 144
3490, 129
3491, 152
3492, 125
3493, 140
3494, 124
3495, 156
3496, 136
3497, 136
3498, 123
3499, 141
3500, 128
3501, 127
3502, 115
3503, 159
3504, 142
3505, 139
3506, 123
3507, 149
3508, 124
3509, 135
3510, 119
3511, 153
3512, 130
3513, 132
3514, 122
3515, 145
3516, 120
3517, 127
3518, 110
3519, 174
3520, 145
3521, 150
3522, 130
3523, 149
3524, 134
3525, 138
3526, 124
3527, 157
3528, 141
3529, 140
3530, 122
3531, 140
3532, 128
3533, 128
3534, 117
3535, 161
3536, 140
3537, 141
3538, 127
3539, 147
3540, 133
3541, 131
3542, 116
3543, 150
3544, 130
3545, 132
3546, 119
3547, 141
3548, 121
3549, 124
3550, 117
3551, 166
3552, 139
3553, 147
3554, 124
3555, 145
3556, 125
3557, 136
3558, 120
3559, 152
3560, 133
3561, 137
3562, 121
3563, 142
3564, 120
3565, 126
3566, 119
3567, 161
3568, 137
3569, 144
3570, 121
3571, 147
3572, 126
3573, 134
3574, 116
3575, 149
3576, 136
3577, 134
3578, 121
3579, 135
3580, 122
3581, 128
3582, 110
3583, 179
3584, 149
3585, 154
3586, 140
3587, 154
3588, 138
3589, 133
3590, 123
3591, 163
3592, 136
3593, 143
3594, 129
3595, 143
3596, 131
3597, 123
3598, 118
3599, 165
3600, 143
3601, 148
3602, 129
3603, 151
3604, 131
3605, 141
3606, 119
3607, 156
3608, 130
3609, 141
3610, 129
3611, 145
3612, 126
3613, 129
3614, 116
3615, 168
3616, 154
3617, 150
3618, 131
3619, 149
3620, 129
3621, 129
3622, 129
3623, 151
3624, 139
3625, 142
3626, 124
3627, 145
3628, 130
3629, 133
3630, 118
3631, 161
3632, 141
3633, 143
3634, 125
3635, 147
3636, 127
3637, 131
3638, 116
3639, 154
3640, 131
3641, 133
3642, 125
3643, 142
3644, 126
3645, 127
3646, 117
3647, 176
3648, 154
3649, 150
3650, 138
3651, 154
3652, 133
3653, 137
3654, 126
3655, 164
3656, 137
3657, 140
3658, 127
3659, 144
3660, 125
3661, 131
3662, 118
3663, 162
3664, 148
3665, 146
3666, 131
3667, 146
3668, 129
3669, 127
3670, 123
3671, 155
3672, 139
3673, 136
3674, 120
3675, 139
3676, 126
3677, 128
3678, 111
3679, 167
3680, 147
3681, 143
3682, 128
3683, 151
3684, 132
3685, 135
3686, 121
3687, 158
3688, 136
3689, 134
3690, 123
3691, 142
3692, 124
3693, 131
3694, 115
3695, 163
3696, 137
3697, 141
3698, 125
3699, 147
3700, 131
3701, 133
3702, 116
3703, 153
3704, 129
3705, 140
3706, 118
3707, 139
3708, 122
3709, 128
3710, 111
3711, 177
3712, 151
3713, 155
3714, 135
3715, 153
3716, 136
3717, 136
3718, 124
3719, 160
3720, 139
3721, 141
3722, 129
3723, 144
3724, 124
3725, 132
3726, 121
3727, 164
3728, 149
3729, 142
3730, 121
3731, 142
3732, 130
3733, 131
3734, 117
3735, 154
3736, 133
3737, 132
3738, 117
3739, 141
3740, 124
3741, 128
3742, 119
3743, 167
3744, 149
3745, 149
3746, 131
3747, 143
3748, 135
3749, 133
3750, 122
3751, 158
3752, 136
3753, 136
3754, 125
3755, 147
3756, 123
3757, 126
3758, 113
3759, 162
3760, 137
3761, 143
3762, 130
3763, 148
3764, 125
3765, 127
3766, 118
3767, 152
3768, 131
3769, 136
3770, 121
3771, 137
3772, 129
3773, 124
3774, 112
3775, 168
3776, 152
3777, 146
3778, 133
3779, 148
3780, 130
3781, 134
3782, 120
3783, 157
3784, 137
3785, 142
3786, 124
3787, 143
3788, 132
3789, 126
3790, 119
3791, 164
3792, 145
3793, 136
3794, 126
3795, 147
3796, 132
3797, 132
3798, 116
3799, 152
3800, 136
3801, 132
3802, 120
3803, 143
3804, 126
3805, 125
3806, 115
3807, 165
3808, 144
3809, 141
3810, 129
3811, 148
3812, 133
3813, 134
3814, 114
3815, 153
3816, 139
3817, 137
3818, 125
3819, 142
3820, 125
3821, 129
3822, 114
3823, 157
3824, 145
3825, 139
3826, 125
3827, 149
3828, 126
3829, 127
3830, 113
3831, 147
3832, 130
3833, 129
3834, 123
3835, 137
3836, 124
3837, 124
3838, 108
3839, 178
3840, 150
3841, 151
3842, 132
3843, 154
3844, 141
3845, 135
3846, 121
3847, 167
3848, 134
3849, 141
3850, 128
3851, 151
3852, 127
3853, 130
3854, 114
3855, 164
3856, 149
3857, 142
3858, 123
3859, 147
3860, 132
3861, 133
3862, 122
3863, 149
3864, 137
3865, 130
3866, 124
3867, 142
3868, 132
3869, 130
3870, 119
3871, 167
3872, 143
3873, 142
3874, 128
3875, 152
3876, 132
3877, 138
3878, 121
3879, 153
3880, 139
3881, 135
3882, 125
3883, 150
3884, 122
3885, 130
3886, 116
3887, 158
3888, 141
3889, 139
3890, 127
3891, 144
3892, 126
3893, 131
3894, 117
3895, 145
3896, 136
3897, 129
3898, 124
3899, 142
3900, 124
3901, 126
3902, 112
3903, 171
3904, 151
3905, 151
3906, 133
3907, 153
3908, 141
3909, 135
3910, 124
3911, 153
3912, 143
3913, 141
3914, 126
3915, 142
3916, 131
3917, 133
3918, 114
3919, 165
3920, 138
3921, 139
3922, 132
3923, 148
3924, 135
3925, 133
3926, 118
3927, 154
3928, 134
3929, 138
3930, 121
3931, 142
3932, 129
3933, 130
3934, 116
3935, 163
3936, 146
3937, 140
3938, 130
3939, 151
3940, 128
3941, 129
3942, 120
3943, 155
3944, 137
3945, 138
3946, 123
3947, 140
3948, 128
3949, 126
3950, 113
3951, 159
3952, 141
3953, 140
3954, 128
3955, 145
3956, 126
3957, 127
3958, 120
3959, 154
3960, 131
3961, 134
3962, 114
3963, 141
3964, 123
3965, 130
3966, 117
3967, 172
3968, 148
3969, 150
3970, 130
3971, 151
3972, 136
3973, 135
3974, 118
3975, 156
3976, 132
3977, 141
3978, 129
3979, 148
3980, 130
3981, 131
3982, 117
3983, 167
3984, 144
3985, 140
3986, 130
3987, 149
3988, 127
3989, 132
3990, 117
3991, 160
3992, 137
3993, 136
3994, 119
3995, 139
3996, 125
3997, 128
3998, 114
3999, 172
4000, 146
4001, 145
4002, 131
4003, 147
4004, 128
4005, 134
4006, 123
4007, 156
4008, 133
4009, 137
4010, 123
4011, 145
4012, 125
4013, 128
4014, 111
4015, 163
4016, 141
4017, 138
4018, 127
4019, 147
4020, 130
4021, 133
4022, 112
4023, 153
4024, 134
4025, 136
4026, 119
4027, 139
4028, 125
4029, 127
4030, 112
4031, 169
4032, 153
4033, 145
4034, 130
4035, 150
4036, 133
4037, 131
4038, 123
4039, 162
4040, 140
4041, 140
4042, 124
4043, 148
4044, 125
4045, 134
4046, 120
4047, 161
4048, 138
4049, 143
4050, 126
4051, 148
4052, 125
4053, 134
4054, 119
4055, 153
4056, 134
4057, 135
4058, 112
4059, 139
4060, 123
4061, 130
4062, 116
4063, 164
4064, 142
4065, 143
4066, 123
4067, 150
4068, 129
4069, 131
4070, 121
4071, 149
4072, 136
4073, 137
4074, 121
4075, 140
4076, 129
4077, 130
4078, 113
4079, 156
4080, 141
4081, 139
4082, 124
4083, 141
4084, 125
4085, 132
4086, 115
4087, 150
4088, 132
4089, 133
4090, 120
4091, 137
4092, 124
4093, 128
4094, 113
4095, 183
4096, 155
4097, 147
4098, 133
4099, 154
4100, 137
4101, 138
4102, 127
4103, 159
4104, 140
4105, 143
4106, 124
4107, 147
4108, 130
4109, 130
4110, 122
4111, 169
4112, 144
4113, 145
4114, 133
4115, 146
4116, 137
4117, 129
4118, 121
4119, 158
4120, 134
4121, 137
4122, 122
4123, 141
4124, 128
4125, 133
4126, 111
4127, 168
4128, 148
4129, 144
4130, 134
4131, 156
4132, 138
4133, 133
4134, 124
4135, 159
4136, 136
4137, 140
4138, 119
4139, 142
4140, 130
4141, 129
4142, 122
4143, 162
4144, 143
4145, 141
4146, 121
4147, 150
4148, 126
4149, 135
4150, 120
4151, 155
4152, 135
4153, 138
4154, 118
4155, 137
4156, 124
4157, 125
4158, 115
4159, 172
4160, 147
4161, 151
4162, 137
4163, 155
4164, 132
4165, 138
4166, 123
4167, 158
4168, 141
4169, 137
4170, 122
4171, 147
4172, 124
4173, 130
4174, 118
4175, 160
4176, 147
4177, 141
4178, 137
4179, 147
4180, 127
4181, 130
4182, 116
4183, 153
4184, 131
4185, 141
4186, 123
4187, 142
4188, 124
4189, 125
4190, 110
4191, 168
4192, 143
4193, 140
4194, 136
4195, 153
4196, 138
4197, 139
4198, 124
4199, 158
4200, 130
4201, 136
4202, 126
4203, 140
4204, 130
4205, 124
4206, 118
4207, 163
4208, 146
4209, 138
4210, 127
4211, 146
4212, 128
4213, 126
4214, 116
4215, 154
4216, 127
4217, 139
4218, 122
4219, 143
4220, 124
4221, 127
4222, 115
4223, 176
4224, 146
4225, 151
4226, 129
4227, 151
4228, 137
4229, 141
4230, 129
4231, 162
4232, 139
4233, 142
4234, 129
4235, 148
4236, 130
4237, 133
4238, 121
4239, 167
4240, 139
4241, 143
4242, 128
4243, 153
4244, 128
4245, 131
4246, 122
4247, 157
4248, 134
4249, 137
4250, 125
4251, 145
4252, 128
4253, 123
4254, 120
4255, 169
4256, 146
4257, 147
4258, 128
4259, 146
4260, 132
4261, 133
4262, 118
4263, 160
4264, 132
4265, 138
4266, 130
4267, 145
4268, 121
4269, 127
4270, 116
4271, 158
4272, 139
4273, 142
4274, 124
4275, 143
4276, 128
4277, 127
4278, 115
4279, 156
4280, 133
4281, 133
4282, 121
4283, 136
4284, 120
4285, 129
4286, 114
4287, 171
4288, 152
4289, 147
4290, 128
4291, 154
4292, 138
4293, 137
4294, 119
4295, 156
4296, 146
4297, 138
4298, 124
4299, 148
4300, 128
4301, 134
4302, 116
4303, 164
4304, 139
4305, 140
4306, 124
4307, 142
4308, 131
4309, 134
4310, 116
4311, 150
4312, 131
4313, 133
4314, 121
4315, 137
4316, 128
4317, 129
4318, 115
4319, 169
4320, 144
4321, 146
4322, 131
4323, 149
4324, 136
4325, 134
4326, 117
4327, 152
4328, 134
4329, 140
4330, 126
4331, 139
4332, 125
4333, 128
4334, 114
4335, 163
4336, 138
4337, 146
4338, 121
4339, 142
4340, 128
4341, 127
4342, 109
4343, 156
4344, 130
4345, 131
4346, 124
4347, 139
4348, 122
4349, 123
4350, 115
4351, 178
4352, 153
4353, 159
4354, 134
4355, 163
4356, 140
4357, 130
4358, 125
4359, 160
4360, 147
4361, 136
4362, 129
4363, 150
4364, 128
4365, 133
4366, 118
4367, 168
4368, 145
4369, 142
4370, 131
4371, 148
4372, 138
4373, 133
4374, 122
4375, 153
4376, 134
4377, 136
4378, 115
4379, 143
4380, 129
4381, 131
4382, 119
4383, 165
4384, 150
4385, 149
4386, 140
4387, 149
4388, 128
4389, 140
4390, 119
4391, 160
4392, 138
4393, 137
4394, 120
4395, 144
4396, 125
4397, 124
4398, 115
4399, 163
4400, 138
4401, 144
4402, 123
4403, 144
4404, 131
4405, 135
4406, 119
4407, 148
4408, 133
4409, 132
4410, 119
4411, 138
4412, 128
4413, 127
4414, 116
4415, 175
4416, 149
4417, 142
4418, 139
4419, 154
4420, 136
4421, 133
4422, 114
4423, 156
4424, 140
4425, 139
4426, 122
4427, 144
4428, 126
4429, 131
4430, 114
4431, 162
4432, 137
4433, 145
4434, 125
4435, 144
4436, 129
4437, 133
4438, 122
4439, 148
4440, 137
4441, 133
4442, 122
4443, 139
4444, 123
4445, 126
4446, 110
4447, 168
4448, 141
4449, 151
4450, 128
4451, 145
4452, 140
4453, 136
4454, 121
4455, 157
4456, 137
4457, 136
4458, 119
4459, 144
4460, 125
4461, 127
4462, 115
4463, 160
4464, 135
4465, 140
4466, 129
4467, 144
4468, 129
4469, 127
4470, 117
4471, 148
4472, 131
4473, 130
4474, 123
4475, 140
4476, 121
4477, 125
4478, 114
4479, 173
4480, 149
4481, 149
4482, 133
4483, 158
4484, 134
4485, 137
4486, 125
4487, 161
4488, 138
4489, 139
4490, 131
4491, 147
4492, 123
4493, 127
4494, 117
4495, 164
4496, 145
4497, 146
4498, 126
4499, 146
4500, 130
4501, 133
4502, 119
4503, 155
4504, 137
4505, 134
4506, 123
4507, 139
4508, 127
4509, 124
4510, 110
4511, 171
4512, 150
4513, 148
4514, 125
4515, 146
4516, 129
4517, 134
4518, 121
4519, 158
4520, 137
4521, 136
4522, 116
4523, 139
4524, 121
4525, 129
4526, 114
4527, 161
4528, 141
4529, 142
4530, 126
4531, 149
4532, 127
4533, 134
4534, 113
4535, 153
4536, 136
4537, 132
4538, 117
4539, 138
4540, 122
4541, 127
4542, 113
4543, 172
4544, 146
4545, 147
4546, 133
4547, 156
4548, 131
4549, 135
4550, 120
4551, 156
4552, 140
4553, 139
4554, 127
4555, 144
4556, 127
4557, 129
4558, 114
4559, 164
4560, 141
4561, 144
4562, 130
4563, 144
4564, 132
4565, 137
4566, 115
4567, 152
4568, 131
4569, 138
4570, 114
4571, 146
4572, 125
4573, 122
4574, 118
4575, 165
4576, 141
4577, 143
4578, 133
4579, 148
4580, 130
4581, 134
4582, 114
4583, 154
4584, 139
4585, 140
4586, 118
4587, 144
4588, 126
4589, 124
4590, 109
4591, 163
4592, 145
4593, 142
4594, 125
4595, 143
4596, 129
4597, 127
4598, 115
4599, 151
4600, 130
4601, 131
4602, 120
4603, 144
4604, 120
4605, 129
4606, 110
4607, 176
4608, 158
4609, 150
4610, 139
4611, 153
4612, 138
4613, 135
4614, 124
4615, 158
4616, 144
4617, 142
4618, 128
4619, 147
4620, 129
4621, 139
4622, 119
4623, 169
4624, 148
4625, 141
4626, 132
4627, 152
4628, 136
4629, 134
4630, 122
4631, 161
4632, 134
4633, 137
4634, 123
4635, 145
4636, 126
4637, 124
4638, 118
4639, 166
4640, 149
4641, 146
4642, 134
4643, 151
4644, 140
4645, 131
4646, 123
4647, 157
4648, 140
4649, 140
4650, 124
4651, 140
4652, 133
4653, 131
4654, 120
4655, 163
4656, 136
4657, 139
4658, 126
4659, 145
4660, 129
4661, 130
4662, 119
4663, 151
4664, 140
4665, 135
4666, 117
4667, 137
4668, 124
4669, 127
4670, 118
4671, 168
4672, 158
4673, 151
4674, 134
4675, 155
4676, 131
4677, 140
4678, 114
4679, 162
4680, 139
4681, 140
4682, 125
4683, 140
4684, 127
4685, 131
4686, 116
4687, 164
4688, 144
4689, 141
4690, 130
4691, 150
4692, 133
4693, 128
4694, 118
4695, 151
4696, 136
4697, 137
4698, 129
4699, 138
4700, 124
4701, 128
4702, 112
4703, 166
4704, 152
4705, 144
4706, 128
4707, 153
4708, 136
4709, 133
4710, 119
4711, 157
4712, 140
4713, 142
4714, 120
4715, 141
4716, 125
4717, 132
4718, 117
4719, 163
4720, 139
4721, 140
4722, 126
4723, 148
4724, 131
4725, 133
4726, 121
4727, 150
4728, 135
4729, 134
4730, 119
4731, 142
4732, 126
4733, 128
4734, 119
4735, 180
4736, 148
4737, 150
4738, 128
4739, 156
4740, 139
4741, 138
4742, 127
4743, 155
4744, 140
4745, 141
4746, 129
4747, 145
4748, 129
4749, 138
4750, 118
4751, 165
4752, 144
4753, 143
4754, 127
4755, 153
4756, 132
4757, 133
4758, 115
4759, 154
4760, 135
4761, 134
4762, 123
4763, 151
4764, 124
4765, 127
4766, 112
4767, 171
4768, 146
4769, 144
4770, 128
4771, 152
4772, 132
4773, 131
4774, 129
4775, 155
4776, 133
4777, 138
4778, 121
4779, 151
4780, 122
4781, 126
4782, 113
4783, 161
4784, 139
4785, 140
4786, 129
4787, 148
4788, 122
4789, 132
4790, 117
4791, 154
4792, 139
4793, 132
4794, 118
4795, 140
4796, 125
4797, 126
4798, 111
4799, 168
4800, 148
4801, 151
4802, 135
4803, 153
4804, 133
4805, 133
4806, 121
4807, 160
4808, 142
4809, 140
4810, 123
4811, 146
4812, 126
4813, 127
4814, 120
4815, 163
4816, 146
4817, 142
4818, 129
4819, 147
4820, 130
4821, 131
4822, 116
4823, 155
4824, 137
4825, 133
4826, 119
4827, 137
4828, 126
4829, 129
4830, 115
4831, 168
4832, 147
4833, 143
4834, 129
4835, 149
4836, 128
4837, 132
4838, 119
4839, 157
4840, 136
4841, 138
4842, 125
4843, 139
4844, 122
4845, 128
4846, 118
4847, 161
4848, 139
4849, 137
4850, 127
4851, 144
4852, 132
4853, 127
4854, 118
4855, 149
4856, 134
4857, 138
4858, 121
4859, 138
4860, 126
4861, 126
4862, 108
4863, 177
4864, 153
4865, 148
4866, 129
4867, 156
4868, 136
4869, 139
4870, 126
4871, 163
4872, 142
4873, 143
4874, 129
4875, 143
4876, 130
4877, 132
4878, 120
4879, 164
4880, 141
4881, 143
4882, 134
4883, 149
4884, 132
4885, 133
4886, 121
4887, 150
4888, 136
4889, 138
4890, 123
4891, 144
4892, 124
4893, 127
4894, 113
4895, 167
4896, 141
4897, 151
4898, 130
4899, 149
4900, 134
4901, 133
4902, 120
4903, 155
4904, 137
4905, 135
4906, 119
4907, 138
4908, 122
4909, 130
4910, 114
4911, 161
4912, 138
4913, 144
4914, 125
4915, 148
4916, 126
4917, 129
4918, 116
4919, 152
4920, 136
4921, 133
4922, 117
4923, 144
4924, 119
4925, 123
4926, 116
4927, 175
4928, 153
4929, 147
4930, 142
4931, 153
4932, 134
4933, 135
4934, 121
4935, 154
4936, 135
4937, 139
4938, 124
4939, 142
4940, 129
4941, 129
4942, 120
4943, 165
4944, 139
4945, 143
4946, 128
4947, 149
4948, 131
4949, 127
4950, 115
4951, 158
4952, 130
4953, 132
4954, 121
4955, 137
4956, 125
4957, 130
4958, 114
4959, 165
4960, 148
4961, 148
4962, 126
4963, 148
4964, 135
4965, 136
4966, 127
4967, 156
4968, 139
4969, 135
4970, 121
4971, 141
4972, 124
4973, 127
4974, 113
4975, 160
4976, 145
4977, 143
4978, 126
4979, 145
4980, 130
4981, 128
4982, 119
4983, 151
4984, 133
4985, 128
4986, 121
4987, 137
4988, 118
4989, 125
4990, 116
4991, 173
4992, 148
4993, 145
4994, 135
4995, 162
4996, 138
4997, 136
4998, 122
4999, 156
5000, 141
5001, 139
5002, 125
5003, 148
5004, 129
5005, 132
5006, 114
5007, 167
5008, 146
5009, 141
5010, 133
5011, 147
5012, 130
5013, 130
5014, 122
5015, 152
5016, 134
5017, 132
5018, 121
5019, 141
5020, 121
5021, 125
5022, 119
5023, 172
5024, 145
5025, 148
5026, 125
5027, 151
5028, 132
5029, 134
5030, 122
5031, 153
5032, 134
5033, 139
5034, 120
5035, 141
5036, 129
5037, 127
5038, 113
5039, 161
5040, 141
5041, 141
5042, 125
5043, 148
5044, 132
5045, 136
5046, 114
5047, 149
5048, 134
5049, 131
5050, 120
5051, 138
5052, 123
5053, 125
5054, 112
5055, 166
5056, 140
5057, 154
5058, 133
5059, 149
5060, 135
5061, 139
5062, 120
5063, 155
5064, 143
5065, 141
5066, 126
5067, 141
5068, 122
5069, 126
5070, 118
5071, 160
5072, 140
5073, 147
5074, 124
5075, 148
5076, 130
5077, 131
5078, 119
5079, 150
5080, 134
5081, 134
5082, 119
5083, 139
5084, 120
5085, 129
5086, 118
5087, 165
5088, 149
5089, 145
5090, 132
5091, 148
5092, 135
5093, 132
5094, 121
5095, 154
5096, 137
5097, 137
5098, 119
5099, 145
5100, 127
5101, 129
5102, 115
5103, 160
5104, 138
5105, 144
5106, 119
5107, 144
5108, 130
5109, 134
5110, 116
5111, 151
5112, 131
5113, 136
5114, 119
5115, 138
5116, 121
5117, 124
5118, 112
5119, 176
5120, 149
5121, 152
5122, 141
5123, 159
5124, 134
5125, 141
5126, 124
5127, 159
5128, 139
5129, 147
5130, 131
5131, 142
5132, 132
5133, 129
5134, 119
5135, 165
5136, 142
5137, 144
5138, 127
5139, 154
5140, 132
5141, 134
5142, 122
5143, 149
5144, 136
5145, 136
5146, 130
5147, 142
5148, 125
5149, 128
5150, 118
5151, 166
5152, 151
5153, 147
5154, 132
5155, 152
5156, 131
5157, 136
5158, 121
5159, 160
5160, 136
5161, 142
5162, 124
5163, 144
5164, 132
5165, 130
5166, 111
5167, 159
5168, 138
5169, 140
5170, 133
5171, 148
5172, 133
5173, 129
5174, 113
5175, 149
5176, 135
5177, 138
5178, 116
5179, 139
5180, 124
5181, 126
5182, 115
5183, 172
5184, 153
5185, 145
5186, 133
5187, 155
5188, 133
5189, 139
5190, 129
5191, 159
5192, 141
5193, 141
5194, 124
5195, 145
5196, 136
5197, 131
5198, 117
5199, 167
5200, 150
5201, 139
5202, 124
5203, 146
5204, 128
5205, 134
5206, 118
5207, 155
5208, 135
5209, 140
5210, 115
5211, 141
5212, 126
5213, 129
5214, 117
5215, 165
5216, 148
5217, 144
5218, 133
5219, 152
5220, 132
5221, 136
5222, 120
5223, 154
5224, 141
5225, 137
5226, 122
5227, 144
5228, 127
5229, 127
5230, 117
5231, 159
5232, 139
5233, 139
5234, 123
5235, 146
5236, 123
5237, 129
5238, 119
5239, 154
5240, 134
5241, 133
5242, 118
5243, 138
5244, 124
5245, 124
5246, 114
5247, 174
5248, 147
5249, 154
5250, 129
5251, 154
5252, 138
5253, 136
5254, 122
5255, 161
5256, 140
5257, 143
5258, 127
5259, 150
5260, 125
5261, 133
5262, 112
5263, 164
5264, 144
5265, 145
5266, 130
5267, 150
5268, 127
5269, 131
5270, 123
5271, 152
5272, 137
5273, 138
5274, 122
5275, 142
5276, 121
5277, 128
5278, 116
5279, 172
5280, 143
5281, 145
5282, 133
5283, 154
5284, 130
5285, 132
5286, 121
5287, 155
5288, 134
5289, 137
5290, 122
5291, 146
5292, 125
5293, 128
5294, 117
5295, 158
5296, 145
5297, 140
5298, 123
5299, 145
5300, 128
5301, 132
5302, 121
5303, 151
5304, 134
5305, 136
5306, 114
5307, 140
5308, 124
5309, 130
5310, 118
5311, 169
5312, 151
5313, 147
5314, 129
5315, 152
5316, 130
5317, 133
5318, 121
5319, 161
5320, 140
5321, 135
5322, 128
5323, 140
5324, 127
5325, 132
5326, 123
5327, 163
5328, 144
5329, 143
5330, 127
5331, 147
5332, 129
5333, 130
5334, 116
5335, 152
5336, 136
5337, 138
5338, 119
5339, 140
5340, 121
5341, 125
5342, 120
5343, 163
5344, 144
5345, 149
5346, 134
5347, 154
5348, 135
5349, 130
5350, 121
5351, 156
5352, 136
5353, 139
5354, 120
5355, 144
5356, 127
5357, 128
5358, 112
5359, 165
5360, 140
5361, 143
5362, 125
5363, 148
5364, 123
5365, 134
5366, 111
5367, 149
5368, 132
5369, 132
5370, 125
5371, 139
5372, 121
5373, 125
5374, 113
5375, 177
5376, 159
5377, 150
5378, 137
5379, 153
5380, 134
5381, 143
5382, 126
5383, 157
5384, 139
5385, 143
5386, 126
5387, 149
5388, 126
5389, 130
5390, 119
5391, 160
5392, 148
5393, 145
5394, 124
5395, 143
5396, 134
5397, 134
5398, 122
5399, 151
5400, 137
5401, 134
5402, 118
5403, 141
5404, 126
5405, 127
5406, 119
5407, 165
5408, 145
5409, 151
5410, 135
5411, 155
5412, 133
5413, 135
5414, 124
5415, 153
5416, 141
5417, 140
5418, 122
5419, 145
5420, 126
5421, 127
5422, 116
5423, 167
5424, 144
5425, 136
5426, 128
5427, 149
5428, 127
5429, 131
5430, 117
5431, 146
5432, 133
5433, 142
5434, 119
5435, 137
5436, 124
5437, 125
5438, 114
5439, 173
5440, 148
5441, 150
5442, 132
5443, 156
5444, 137
5445, 138
5446, 121
5447, 158
5448, 140
5449, 139
5450, 122
5451, 145
5452, 125
5453, 127
5454, 119
5455, 164
5456, 141
5457, 144
5458, 131
5459, 147
5460, 125
5461, 137
5462, 117
5463, 155
5464, 130
5465, 137
5466, 120
5467, 140
5468, 127
5469, 125
5470, 111
5471, 163
5472, 146
5473, 146
5474, 130
5475, 145
5476, 135
5477, 131
5478, 120
5479, 155
5480, 130
5481, 135
5482, 120
5483, 139
5484, 122
5485, 126
5486, 114
5487, 161
5488, 137
5489, 135
5490, 124
5491, 146
5492, 120
5493, 132
5494, 114
5495, 152
5496, 129
5497, 131
5498, 122
5499, 139
5500, 125
5501, 129
5502, 111
5503, 178
5504, 150
5505, 149
5506, 136
5507, 155
5508, 140
5509, 143
5510, 123
5511, 158
5512, 140
5513, 141
5514, 130
5515, 147
5516, 126
5517, 131
5518, 120
5519, 166
5520, 139
5521, 145
5522, 132
5523, 145
5524, 134
5525, 140
5526, 115
5527, 150
5528, 134
5529, 139
5530, 119
5531, 141
5532, 123
5533, 124
5534, 118
5535, 165
5536, 147
5537, 143
5538, 127
5539, 149
5540, 132
5541, 130
5542, 122
5543, 154
5544, 137
5545, 139
5546, 123
5547, 141
5548, 126
5549, 127
5550, 117
5551, 157
5552, 139
5553, 140
5554, 124
5555, 146
5556, 133
5557, 127
5558, 114
5559, 156
5560, 134
5561, 133
5562, 119
5563, 141
5564, 123
5565, 126
5566, 116
5567, 173
5568, 153
5569, 146
5570, 130
5571, 154
5572, 139
5573, 135
5574, 128
5575, 161
5576, 139
5577, 135
5578, 125
5579, 145
5580, 126
5581, 129
5582, 119
5583, 166
5584, 143
5585, 142
5586, 124
5587, 145
5588, 124
5589, 132
5590, 122
5591, 152
5592, 139
5593, 132
5594, 119
5595, 139
5596, 125
5597, 134
5598, 111
5599, 168
5600, 141
5601, 143
5602, 131
5603, 151
5604, 131
5605, 130
5606, 122
5607, 153
5608, 140
5609, 136
5610, 120
5611, 145
5612, 125
5613, 133
5614, 117
5615, 161
5616, 139
5617, 136
5618, 125
5619, 141
5620, 129
5621, 131
5622, 119
5623, 150
5624, 130
5625, 132
5626, 113
5627, 139
5628, 123
5629, 124
5630, 110
5631, 175
5632, 153
5633, 155
5634, 137
5635, 154
5636, 138
5637, 138
5638, 122
5639, 161
5640, 142
5641, 136
5642, 131
5643, 145
5644, 131
5645, 132
5646, 118
5647, 162
5648, 154
5649, 152
5650, 129
5651, 154
5652, 133
5653, 133
5654, 122
5655, 161
5656, 136
5657, 134
5658, 121
5659, 140
5660, 129
5661, 129
5662, 116
5663, 169
5664, 145
5665, 141
5666, 137
5667, 150
5668, 129
5669, 132
5670, 120
5671, 155
5672, 142
5673, 135
5674, 123
5675, 141
5676, 129
5677, 134
5678, 116
5679, 161
5680, 140
5681, 144
5682, 129
5683, 148
5684, 132
5685, 132
5686, 115
5687, 156
5688, 133
5689, 133
5690, 120
5691, 140
5692, 124
5693, 129
5694, 110
5695, 176
5696, 148
5697, 147
5698, 139
5699, 153
5700, 129
5701, 135
5702, 125
5703, 162
5704, 133
5705, 143
5706, 124
5707, 145
5708, 130
5709, 127
5710, 121
5711, 164
5712, 145
5713, 139
5714, 128
5715, 143
5716, 128
5717, 129
5718, 121
5719, 154
5720, 135
5721, 141
5722, 118
5723, 145
5724, 119
5725, 127
5726, 117
5727, 166
5728, 141
5729, 149
5730, 131
5731, 151
5732, 130
5733, 130
5734, 112
5735, 152
5736, 136
5737, 139
5738, 122
5739, 141
5740, 125
5741, 124
5742, 118
5743, 156
5744, 142
5745, 139
5746, 131
5747, 144
5748, 124
5749, 130
5750, 119
5751, 153
5752, 130
5753, 137
5754, 120
5755, 141
5756, 124
5757, 123
5758, 113
5759, 179
5760, 153
5761, 150
5762, 136
5763, 151
5764, 137
5765, 139
5766, 123
5767, 161
5768, 140
5769, 140
5770, 125
5771, 140
5772, 130
5773, 136
5774, 118
5775, 166
5776, 142
5777, 143
5778, 131
5779, 151
5780, 133
5781, 130
5782, 117
5783, 154
5784, 132
5785, 135
5786, 123
5787, 140
5788, 124
5789, 129
5790, 114
5791, 174
5792, 141
5793, 149
5794, 130
5795, 150
5796, 137
5797, 132
5798, 124
5799, 154
5800, 137
5801, 136
5802, 123
5803, 142
5804, 122
5805, 132
5806, 117
5807, 160
5808, 145
5809, 141
5810, 130
5811, 144
5812, 128
5813, 126
5814, 116
5815, 147
5816, 140
5817, 129
5818, 118
5819, 138
5820, 128
5821, 124
5822, 115
5823, 170
5824, 146
5825, 152
5826, 132
5827, 149
5828, 127
5829, 136
5830, 123
5831, 160
5832, 137
5833, 140
5834, 124
5835, 137
5836, 127
5837, 128
5838, 114
5839, 159
5840, 148
5841, 144
5842, 126
5843, 147
5844, 127
5845, 131
5846, 121
5847, 149
5848, 130
5849, 129
5850, 117
5851, 142
5852, 125
5853, 126
5854, 112
5855, 168
5856, 147
5857, 146
5858, 131
5859, 149
5860, 132
5861, 131
5862, 119
5863, 155
5864, 135
5865, 136
5866, 119
5867, 142
5868, 123
5869, 123
5870, 114
5871, 157
5872, 145
5873, 140
5874, 125
5875, 142
5876, 124
5877, 129
5878, 114
5879, 148
5880, 133
5881, 132
5882, 117
5883, 144
5884, 119
5885, 122
5886, 113
5887, 173
5888, 156
5889, 154
5890, 142
5891, 156
5892, 135
5893, 144
5894, 121
5895, 161
5896, 141
5897, 139
5898, 128
5899, 148
5900, 136
5901, 137
5902, 118
5903, 165
5904, 146
5905, 148
5906, 130
5907, 154
5908, 126
5909, 132
5910, 120
5911, 157
5912, 134
5913, 135
5914, 122
5915, 139
5916, 131
5917, 130
5918, 113
5919, 168
5920, 153
5921, 146
5922, 130
5923, 147
5924, 136
5925, 136
5926, 121
5927, 158
5928, 137
5929, 136
5930, 121
5931, 144
5932, 127
5933, 130
5934, 117
5935, 158
5936, 138
5937, 147
5938, 124
5939, 154
5940, 124
5941, 135
5942, 118
5943, 152
5944, 137
5945, 130
5946, 122
5947, 141
5948, 121
5949, 124
5950, 116
5951, 168
5952, 150
5953, 148
5954, 138
5955, 153
5956, 134
5957, 139
5958, 130
5959, 162
5960, 141
5961, 135
5962, 127
5963, 145
5964, 124
5965, 132
5966, 118
5967, 161
5968, 143
5969, 141
5970, 127
5971, 149
5972, 131
5973, 131
5974, 114
5975, 155
5976, 131
5977, 138
5978, 119
5979, 141
5980, 126
5981, 129
5982, 114
5983, 170
5984, 138
5985, 142
5986, 129
5987, 147
5988, 130
5989, 131
5990, 113
5991, 155
5992, 135
5993, 138
5994, 124
5995, 141
5996, 129
5997, 127
5998, 120
5999, 161
6000, 139
6001, 144
6002, 123
6003, 148
6004, 130
6005, 126
6006, 116
6007, 151
6008, 131
6009, 132
6010, 116
6011, 139
6012, 120
6013, 124
6014, 116
6015, 171
6016, 147
6017, 153
6018, 142
6019, 151
6020, 134
6021, 134
6022, 124
6023, 156
6024, 137
6025, 144
6026, 127
6027, 143
6028, 128
6029, 136
6030, 113
6031, 162
6032, 145
6033, 146
6034, 127
6035, 149
6036, 133
6037, 131
6038, 119
6039, 154
6040, 134
6041, 135
6042, 120
6043, 140
6044, 126
6045, 124
6046, 112
6047, 165
6048, 150
6049, 144
6050, 127
6051, 148
6052, 133
6053, 132
6054, 121
6055, 157
6056, 138
6057, 134
6058, 127
6059, 140
6060, 128
6061, 130
6062, 111
6063, 161
6064, 137
6065, 142
6066, 123
6067, 150
6068, 130
6069, 131
6070, 113
6071, 146
6072, 135
6073, 132
6074, 123
6075, 136
6076, 118
6077, 123
6078, 113
6079, 169
6080, 146
6081, 152
6082, 130
6083, 151
6084, 131
6085, 134
6086, 124
6087, 159
6088, 134
6089, 137
6090, 119
6091, 147
6092, 125
6093, 127
6094, 114
6095, 166
6096, 141
6097, 145
6098, 124
6099, 151
6100, 126
6101, 130
6102, 113
6103, 153
6104, 136
6105, 129
6106, 120
6107, 140
6108, 127
6109, 128
6110, 111
6111, 173
6112, 138
6113, 146
6114, 127
6115, 148
6116, 133
6117, 130
6118, 111
6119, 157
6120, 136
6121, 136
6122, 123
6123, 138
6124, 124
6125, 126
6126, 117
6127, 158
6128, 138
6129, 137
6130, 124
6131, 145
6132, 127
6133, 129
6134, 116
6135, 152
6136, 131
6137, 134
6138, 119
6139, 145
6140, 124
6141, 121
6142, 111
6143, 183
6144, 152
6145, 154
6146, 137
6147, 155
6148, 136
6149, 140
6150, 125
6151, 161
6152, 137
6153, 144
6154, 124
6155, 151
6156, 133
6157, 127
6158, 120
6159, 169
6160, 141
6161, 151
6162, 129
6163, 148
6164, 135
6165, 138
6166, 122
6167, 155
6168, 135
6169, 137
6170, 123
6171, 139
6172, 126
6173, 127
6174, 107
6175, 169
6176, 155
6177, 148
6178, 127
6179, 151
6180, 138
6181, 136
6182, 119
6183, 160
6184, 138
6185, 136
6186, 124
6187, 141
6188, 127
6189, 126
6190, 117
6191, 169
6192, 137
6193, 146
6194, 125
6195, 145
6196, 129
6197, 131
6198, 118
6199, 151
6200, 137
6201, 132
6202, 120
6203, 140
6204, 120
6205, 123
6206, 112
6207, 171
6208, 158
6209, 146
6210, 142
6211, 159
6212, 137
6213, 134
6214, 117
6215, 161
6216, 137
6217, 136
6218, 122
6219, 144
6220, 131
6221, 134
6222, 117
6223, 160
6224, 143
6225, 139
6226, 136
6227, 147
6228, 128
6229, 133
6230, 121
6231, 150
6232, 135
6233, 138
6234, 118
6235, 141
6236, 120
6237, 127
6238, 113
6239, 171
6240, 142
6241, 148
6242, 126
6243, 153
6244, 138
6245, 129
6246, 118
6247, 153
6248, 135
6249, 138
6250, 122
6251, 146
6252, 131
6253, 127
6254, 114
6255, 158
6256, 142
6257, 138
6258, 130
6259, 145
6260, 131
6261, 129
6262, 116
6263, 151
6264, 134
6265, 127
6266, 122
6267, 141
6268, 120
6269, 124
6270, 115
6271, 172
6272, 151
6273, 154
6274, 137
6275, 152
6276, 139
6277, 139
6278, 123
6279, 159
6280, 142
6281, 143
6282, 130
6283, 146
6284, 128
6285, 132
6286, 118
6287, 163
6288, 149
6289, 145
6290, 129
6291, 144
6292, 133
6293, 130
6294, 119
6295, 151
6296, 136
6297, 138
6298, 120
6299, 139
6300, 126
6301, 127
6302, 111
6303, 169
6304, 149
6305, 142
6306, 132
6307, 147
6308, 133
6309, 135
6310, 123
6311, 153
6312, 138
6313, 136
6314, 124
6315, 146
6316, 122
6317, 128
6318, 114
6319, 158
6320, 138
6321, 144
6322, 125
6323, 144
6324, 126
6325, 130
6326, 124
6327, 153
6328, 133
6329, 135
6330, 123
6331, 142
6332, 123
6333, 129
6334, 109
6335, 172
6336, 152
6337, 146
6338, 131
6339, 154
6340, 131
6341, 139
6342, 123
6343, 156
6344, 142
6345, 141
6346, 124
6347, 146
6348, 130
6349, 128
6350, 121
6351, 159
6352, 143
6353, 145
6354, 127
6355, 148
6356, 126
6357, 131
6358, 118
6359, 152
6360, 132
6361, 138
6362, 119
6363, 135
6364, 124
6365, 127
6366, 112
6367, 168
6368, 145
6369, 142
6370, 135
6371, 154
6372, 135
6373, 133
6374, 120
6375, 154
6376, 135
6377, 141
6378, 120
6379, 141
6380, 128
6381, 127
6382, 115
6383, 159
6384, 137
6385, 138
6386, 124
6387, 149
6388, 126
6389, 130
6390, 112
6391, 152
6392, 129
6393, 132
6394, 120
6395, 140
6396, 122
6397, 127
6398, 107
6399, 179
6400, 154
6401, 151
6402, 134
6403, 157
6404, 138
6405, 140
6406, 123
6407, 158
6408, 145
6409, 141
6410, 128
6411, 146
6412, 129
6413, 135
6414, 115
6415, 162
6416, 140
6417, 142
6418, 129
6419, 149
6420, 129
6421, 139
6422, 115
6423, 156
6424, 133
6425, 135
6426, 120
6427, 141
6428, 130
6429, 128
6430, 120
6431, 167
6432, 153
6433, 152
6434, 127
6435, 152
6436, 132
6437, 137
6438, 120
6439, 155
6440, 136
6441, 139
6442, 121
6443, 140
6444, 120
6445, 130
6446, 117
6447, 160
6448, 143
6449, 141
6450, 126
6451, 143
6452, 127
6453, 130
6454, 117
6455, 147
6456, 130
6457, 133
6458, 120
6459, 139
6460, 122
6461, 128
6462, 115
6463, 175
6464, 151
6465, 147
6466, 128
6467, 154
6468, 139
6469, 136
6470, 119
6471, 158
6472, 133
6473, 140
6474, 127
6475, 145
6476, 128
6477, 128
6478, 120
6479, 162
6480, 143
6481, 144
6482, 128
6483, 146
6484, 128
6485, 132
6486, 118
6487, 150
6488, 133
6489, 129
6490, 118
6491, 141
6492, 128
6493, 131
6494, 112
6495, 166
6496, 148
6497, 146
6498, 127
6499, 149
6500, 130
6501, 137
6502, 121
6503, 152
6504, 138
6505, 137
6506, 119
6507, 144
6508, 127
6509, 128
6510, 115
6511, 160
6512, 146
6513, 137
6514, 128
6515, 147
6516, 129
6517, 130
6518, 114
6519, 150
6520, 130
6521, 132
6522, 120
6523, 141
6524, 123
6525, 122
6526, 112
6527, 173
6528, 148
6529, 152
6530, 138
6531, 158
6532, 134
6533, 141
6534, 125
6535, 158
6536, 140
6537, 140
6538, 130
6539, 142
6540, 131
6541, 134
6542, 113
6543, 166
6544, 138
6545, 148
6546, 127
6547, 149
6548, 131
6549, 130
6550, 120
6551, 153
6552, 135
6553, 135
6554, 118
6555, 145
6556, 122
6557, 124
6558, 113
6559, 167
6560, 148
6561, 146
6562, 131
6563, 149
6564, 130
6565, 138
6566, 119
6567, 152
6568, 136
6569, 134
6570, 122
6571, 142
6572, 124
6573, 131
6574, 112
6575, 160
6576, 144
6577, 138
6578, 124
6579, 148
6580, 121
6581, 132
6582, 115
6583, 150
6584, 134
6585, 131
6586, 121
6587, 140
6588, 121
6589, 128
6590, 113
6591, 169
6592, 153
6593, 155
6594, 130
6595, 151
6596, 130
6597, 136
6598, 123
6599, 156
6600, 137
6601, 139
6602, 127
6603, 144
6604, 129
6605, 129
6606, 113
6607, 164
6608, 138
6609, 143
6610, 124
6611, 148
6612, 123
6613, 137
6614, 118
6615, 155
6616, 136
6617, 138
6618, 122
6619, 145
6620, 130
6621, 132
6622, 115
6623, 164
6624, 144
6625, 145
6626, 134
6627, 144
6628, 131
6629, 135
6630, 119
6631, 154
6632, 131
6633, 142
6634, 120
6635, 146
6636, 124
6637, 131
6638, 119
6639, 159
6640, 139
6641, 135
6642, 124
6643, 144
6644, 131
6645, 123
6646, 117
6647, 154
6648, 127
6649, 129
6650, 116
6651, 135
6652, 122
6653, 128
6654, 111
6655, 177
6656, 153
6657, 146
6658, 135
6659, 152
6660, 134
6661, 137
6662, 125
6663, 165
6664, 141
6665, 144
6666, 127
6667, 144
6668, 132
6669, 138
6670, 122
6671, 165
6672, 151
6673, 145
6674, 129
6675, 144
6676, 132
6677, 135
6678, 121
6679, 159
6680, 135
6681, 136
6682, 121
6683, 142
6684, 127
6685, 126
6686, 112
6687, 166
6688, 156
6689, 152
6690, 130
6691, 157
6692, 134
6693, 136
6694, 121
6695, 157
6696, 139
6697, 138
6698, 127
6699, 146
6700, 127
6701, 127
6702, 118
6703, 165
6704, 140
6705, 146
6706, 124
6707, 149
6708, 131
6709, 133
6710, 124
6711, 155
6712, 131
6713, 130
6714, 118
6715, 142
6716, 125
6717, 125
6718, 111
6719, 173
6720, 152
6721, 150
6722, 136
6723, 156
6724, 134
6725, 136
6726, 117
6727, 162
6728, 140
6729, 134
6730, 124
6731, 146
6732, 126
6733, 132
6734, 114
6735, 169
6736, 146
6737, 144
6738, 124
6739, 147
6740, 126
6741, 141
6742, 122
6743, 150
6744, 130
6745, 132
6746, 121
6747, 144
6748, 127
6749, 122
6750, 117
6751, 164
6752, 142
6753, 145
6754, 127
6755, 151
6756, 134
6757, 133
6758, 122
6759, 159
6760, 140
6761, 138
6762, 121
6763, 144
6764, 122
6765, 128
6766, 115
6767, 161
6768, 138
6769, 138
6770, 130
6771, 142
6772, 123
6773, 136
6774, 115
6775, 153
6776, 132
6777, 133
6778, 118
6779, 136
6780, 124
6781, 125
6782, 110
6783, 173
6784, 153
6785, 151
6786, 137
6787, 151
6788, 140
6789, 144
6790, 125
6791, 163
6792, 142
6793, 133
6794, 125
6795, 149
6796, 132
6797, 129
6798, 118
6799, 161
6800, 145
6801, 142
6802, 131
6803, 151
6804, 126
6805, 130
6806, 115
6807, 150
6808, 133
6809, 133
6810, 120
6811, 141
6812, 122
6813, 124
6814, 114
6815, 173
6816, 145
6817, 148
6818, 130
6819, 152
6820, 131
6821, 132
6822, 120
6823, 152
6824, 136
6825, 136
6826, 121
6827, 145
6828, 124
6829, 124
6830, 118
6831, 165
6832, 144
6833, 144
6834, 120
6835, 145
6836, 129
6837, 133
6838, 120
6839, 152
6840, 132
6841, 133
6842, 126
6843, 139
6844, 119
6845, 126
6846, 115
6847, 176
6848, 149
6849, 147
6850, 129
6851, 158
6852, 137
6853, 132
6854, 124
6855, 161
6856, 137
6857, 139
6858, 124
6859, 151
6860, 122
6861, 130
6862, 110
6863, 156
6864, 142
6865, 141
6866, 130
6867, 148
6868, 132
6869, 130
6870, 119
6871, 156
6872, 136
6873, 136
6874, 119
6875, 139
6876, 126
6877, 122
6878, 116
6879, 166
6880, 146
6881, 144
6882, 134
6883, 152
6884, 132
6885, 131
6886, 121
6887, 151
6888, 137
6889, 131
6890, 123
6891, 140
6892, 124
6893, 128
6894, 119
6895, 155
6896, 141
6897, 138
6898, 127
6899, 151
6900, 134
6901, 130
6902, 117
6903, 149
6904, 134
6905, 132
6906, 121
6907, 141
6908, 122
6909, 126
6910, 113
6911, 176
6912, 148
6913, 151
6914, 136
6915, 160
6916, 141
6917, 139
6918, 127
6919, 158
6920, 140
6921, 141
6922, 128
6923, 144
6924, 127
6925, 127
6926, 116
6927, 163
6928, 146
6929, 145
6930, 132
6931, 149
6932, 135
6933, 135
6934, 118
6935, 153
6936, 137
6937, 135
6938, 123
6939, 139
6940, 129
6941, 129
6942, 112
6943, 170
6944, 147
6945, 147
6946, 134
6947, 153
6948, 131
6949, 132
6950, 121
6951, 154
6952, 143
6953, 136
6954, 118
6955, 146
6956, 129
6957, 128
6958, 117
6959, 158
6960, 141
6961, 140
6962, 132
6963, 149
6964, 130
6965, 130
6966, 120
6967, 156
6968, 132
6969, 132
6970, 121
6971, 140
6972, 125
6973, 125
6974, 108
6975, 165
6976, 147
6977, 149
6978, 135
6979, 154
6980, 133
6981, 137
6982, 126
6983, 153
6984, 140
6985, 139
6986, 122
6987, 143
6988, 126
6989, 128
6990, 119
6991, 164
6992, 140
6993, 141
6994, 122
6995, 148
6996, 124
6997, 133
6998, 118
6999, 153
7000, 138
7001, 134
7002, 121
7003, 148
7004, 126
7005, 128
7006, 114
7007, 166
7008, 147
7009, 143
7010, 130
7011, 153
7012, 135
7013, 130
7014, 120
7015, 154
7016, 134
7017, 136
7018, 123
7019, 143
7020, 129
7021, 129
7022, 111
7023, 168
7024, 137
7025, 143
7026, 130
7027, 144
7028, 125
7029, 132
7030, 116
7031, 152
7032, 133
7033, 127
7034, 120
7035, 140
7036, 122
7037, 125
7038, 114
7039, 169
7040, 146
7041, 147
7042, 137
7043, 147
7044, 136
7045, 141
7046, 120
7047, 163
7048, 142
7049, 144
7050, 123
7051, 147
7052, 123
7053, 125
7054, 123
7055, 162
7056, 141
7057, 143
7058, 128
7059, 148
7060, 127
7061, 134
7062, 116
7063, 157
7064, 134
7065, 137
7066, 119
7067, 141
7068, 125
7069, 127
7070, 120
7071, 169
7072, 145
7073, 145
7074, 135
7075, 155
7076, 121
7077, 136
7078, 121
7079, 154
7080, 139
7081, 135
7082, 121
7083, 140
7084, 125
7085, 127
7086, 117
7087, 164
7088, 140
7089, 135
7090, 124
7091, 141
7092, 129
7093, 125
7094, 119
7095, 155
7096, 131
7097, 132
7098, 119
7099, 142
7100, 121
7101, 126
7102, 112
7103, 165
7104, 151
7105, 147
7106, 125
7107, 150
7108, 135
7109, 140
7110, 128
7111, 158
7112, 137
7113, 136
7114, 122
7115, 143
7116, 126
7117, 133
7118, 116
7119, 160
7120, 145
7121, 139
7122, 125
7123, 151
7124, 126
7125, 127
7126, 120
7127, 154
7128, 135
7129, 133
7130, 124
7131, 140
7132, 122
7133, 126
7134, 114
7135, 167
7136, 145
7137, 142
7138, 126
7139, 149
7140, 132
7141, 129
7142, 121
7143, 151
7144, 133
7145, 138
7146, 120
7147, 143
7148, 123
7149, 128
7150, 117
7151, 159
7152, 137
7153, 144
7154, 121
7155, 145
7156, 123
7157, 126
7158, 115
7159, 151
7160, 131
7161, 136
7162, 118
7163, 140
7164, 125
7165, 122
7166, 112
7167, 178
7168, 149
7169, 152
7170, 134
7171, 155
7172, 141
7173, 139
7174, 124
7175, 163
7176, 134
7177, 141
7178, 131
7179, 147
7180, 138
7181, 136
7182, 121
7183, 167
7184, 146
7185, 147
7186, 125
7187, 150
7188, 136
7189, 131
7190, 122
7191, 155
7192, 138
7193, 130
7194, 123
7195, 145
7196, 122
7197, 131
7198, 114
7199, 174
7200, 148
7201, 147
7202, 138
7203, 153
7204, 132
7205, 134
7206, 123
7207, 158
7208, 137
7209, 138
7210, 130
7211, 144
7212, 126
7213, 129
7214, 118
7215, 164
7216, 142
7217, 148
7218, 125
7219, 150
7220, 131
7221, 131
7222, 119
7223, 156
7224, 132
7225, 135
7226, 120
7227, 139
7228, 124
7229, 127
7230, 116
7231, 176
7232, 146
7233, 147
7234, 134
7235, 159
7236, 140
7237, 133
7238, 118
7239, 157
7240, 142
7241, 141
7242, 127
7243, 143
7244, 128
7245, 131
7246, 118
7247, 162
7248, 141
7249, 138
7250, 127
7251, 150
7252, 134
7253, 135
7254, 121
7255, 150
7256, 134
7257, 134
7258, 124
7259, 147
7260, 124
7261, 125
7262, 113
7263, 165
7264, 144
7265, 151
7266, 129
7267, 152
7268, 133
7269, 136
7270, 121
7271, 155
7272, 136
7273, 136
7274, 128
7275, 144
7276, 128
7277, 125
7278, 116
7279, 159
7280, 137
7281, 143
7282, 125
7283, 146
7284, 130
7285, 132
7286, 118
7287, 153
7288, 129
7289, 131
7290, 113
7291, 139
7292, 121
7293, 124
7294, 114
7295, 172
7296, 154
7297, 154
7298, 130
7299, 156
7300, 137
7301, 137
7302, 127
7303, 160
7304, 141
7305, 136
7306, 125
7307, 143
7308, 131
7309, 128
7310, 119
7311, 164
7312, 146
7313, 140
7314, 125
7315, 150
7316, 130
7317, 135
7318, 120
7319, 154
7320, 137
7321, 143
7322, 123
7323, 145
7324, 122
7325, 126
7326, 112
7327, 168
7328, 147
7329, 149
7330, 131
7331, 153
7332, 136
7333, 132
7334, 122
7335, 158
7336, 143
7337, 138
7338, 117
7339, 144
7340, 124
7341, 129
7342, 116
7343, 157
7344, 139
7345, 137
7346, 127
7347, 143
7348, 130
7349, 133
7350, 111
7351, 151
7352, 132
7353, 134
7354, 119
7355, 142
7356, 124
7357, 122
7358, 110
7359, 177
7360, 151
7361, 151
7362, 130
7363, 151
7364, 136
7365, 134
7366, 125
7367, 158
7368, 133
7369, 140
7370, 125
7371, 145
7372, 126
7373, 128
7374, 114
7375, 160
7376, 142
7377, 138
7378, 129
7379, 153
7380, 133
7381, 132
7382, 118
7383, 155
7384, 134
7385, 138
7386, 123
7387, 136
7388, 125
7389, 127
7390, 111
7391, 167
7392, 141
7393, 151
7394, 128
7395, 149
7396, 130
7397, 136
7398, 123
7399, 159
7400, 138
7401, 136
7402, 119
7403, 145
7404, 121
7405, 126
7406, 116
7407, 160
7408, 139
7409, 140
7410, 127
7411, 141
7412, 126
7413, 131
7414, 117
7415, 150
7416, 134
7417, 134
7418, 120
7419, 137
7420, 123
7421, 127
7422, 111
7423, 173
7424, 155
7425, 153
7426, 132
7427, 156
7428, 130
7429, 136
7430, 123
7431, 164
7432, 148
7433, 143
7434, 130
7435, 145
7436, 128
7437, 134
7438, 117
7439, 168
7440, 147
7441, 146
7442, 124
7443, 149
7444, 130
7445, 133
7446, 118
7447, 158
7448, 134
7449, 135
7450, 126
7451, 141
7452, 128
7453, 132
7454, 119
7455, 168
7456, 151
7457, 149
7458, 129
7459, 155
7460, 136
7461, 140
7462, 126
7463, 161
7464, 136
7465, 139
7466, 127
7467, 141
7468, 127
7469, 137
7470, 114
7471, 165
7472, 141
7473, 141
7474, 125
7475, 144
7476, 130
7477, 132
7478, 115
7479, 155
7480, 132
7481, 130
7482, 117
7483, 134
7484, 124
7485, 124
7486, 110
7487, 174
7488, 151
7489, 150
7490, 132
7491, 153
7492, 134
7493, 136
7494, 114
7495, 157
7496, 138
7497, 140
7498, 124
7499, 145
7500, 126
7501, 130
7502, 114
7503, 165
7504, 139
7505, 141
7506, 119
7507, 144
7508, 127
7509, 134
7510, 118
7511, 155
7512, 133
7513, 139
7514, 122
7515, 142
7516, 120
7517, 130
7518, 112
7519, 168
7520, 147
7521, 149
7522, 123
7523, 147
7524, 131
7525, 130
7526, 124
7527, 151
7528, 136
7529, 139
7530, 124
7531, 142
7532, 127
7533, 128
7534, 112
7535, 161
7536, 134
7537, 141
7538, 124
7539, 142
7540, 131
7541, 129
7542, 118
7543, 150
7544, 132
7545, 137
7546, 122
7547, 135
7548, 121
7549, 125
7550, 118
7551, 181
7552, 149
7553, 149
7554, 133
7555, 154
7556, 135
7557, 135
7558, 127
7559, 163
7560, 142
7561, 144
7562, 126
7563, 142
7564, 131
7565, 134
7566, 120
7567, 166
7568, 143
7569, 146
7570, 127
7571, 148
7572, 128
7573, 135
7574, 116
7575, 157
7576, 132
7577, 137
7578, 123
7579, 140
7580, 126
7581, 125
7582, 116
7583, 167
7584, 149
7585, 141
7586, 131
7587, 151
7588, 135
7589, 129
7590, 120
7591, 156
7592, 132
7593, 135
7594, 122
7595, 144
7596, 130
7597, 126
7598, 114
7599, 162
7600, 138
7601, 139
7602, 125
7603, 146
7604, 127
7605, 134
7606, 124
7607, 150
7608, 132
7609, 137
7610, 120
7611, 141
7612, 123
7613, 126
7614, 116
7615, 169
7616, 149
7617, 152
7618, 129
7619, 155
7620, 135
7621, 134
7622, 120
7623, 159
7624, 132
7625, 137
7626, 124
7627, 144
7628, 131
7629, 132
7630, 117
7631, 164
7632, 146
7633, 140
7634, 131
7635, 146
7636, 129
7637, 132
7638, 120
7639, 153
7640, 139
7641, 138
7642, 112
7643, 147
7644, 125
7645, 126
7646, 113
7647, 165
7648, 139
7649, 135
7650, 127
7651, 147
7652, 134
7653, 138
7654, 120
7655, 152
7656, 134
7657, 135
7658, 122
7659, 142
7660, 124
7661, 129
7662, 114
7663, 155
7664, 135
7665, 139
7666, 126
7667, 144
7668, 129
7669, 132
7670, 117
7671, 153
7672, 130
7673, 134
7674, 117
7675, 134
7676, 122
7677, 125
7678, 112
7679, 180
7680, 154
7681, 151
7682, 134
7683, 155
7684, 134
7685, 134
7686, 128
7687, 161
7688, 140
7689, 142
7690, 128
7691, 151
7692, 130
7693, 133
7694, 121
7695, 168
7696, 153
7697, 146
7698, 127
7699, 151
7700, 128
7701, 135
7702, 120
7703, 154
7704, 132
7705, 141
7706, 124
7707, 146
7708, 128
7709, 125
7710, 117
7711, 168
7712, 145
7713, 149
7714, 130
7715, 150
7716, 130
7717, 132
7718, 125
7719, 165
7720, 142
7721, 142
7722, 125
7723, 144
7724, 124
7725, 131
7726, 118
7727, 163
7728, 147
7729, 141
7730, 129
7731, 145
7732, 126
7733, 134
7734, 114
7735, 151
7736, 140
7737, 133
7738, 116
7739, 145
7740, 121
7741, 128
7742, 114
7743, 174
7744, 150
7745, 149
7746, 136
7747, 152
7748, 136
7749, 140
7750, 129
7751, 156
7752, 143
7753, 140
7754, 127
7755, 144
7756, 124
7757, 129
7758, 116
7759, 165
7760, 144
7761, 141
7762, 129
7763, 159
7764, 127
7765, 137
7766, 114
7767, 155
7768, 134
7769, 136
7770, 115
7771, 145
7772, 119
7773, 129
7774, 110
7775, 168
7776, 138
7777, 148
7778, 127
7779, 148
7780, 134
7781, 138
7782, 124
7783, 153
7784, 131
7785, 130
7786, 124
7787, 144
7788, 125
7789, 129
7790, 116
7791, 158
7792, 137
7793, 136
7794, 128
7795, 144
7796, 129
7797, 130
7798, 119
7799, 150
7800, 137
7801, 129
7802, 123
7803, 139
7804, 120
7805, 127
7806, 115
7807, 174
7808, 157
7809, 146
7810, 134
7811, 152
7812, 133
7813, 132
7814, 127
7815, 160
7816, 140
7817, 138
7818, 123
7819, 143
7820, 129
7821, 137
7822, 115
7823, 166
7824, 141
7825, 136
7826, 129
7827, 146
7828, 135
7829, 136
7830, 122
7831, 151
7832, 142
7833, 142
7834, 120
7835, 139
7836, 124
7837, 125
7838, 116
7839, 166
7840, 142
7841, 149
7842, 134
7843, 154
7844, 130
7845, 132
7846, 123
7847, 155
7848, 139
7849, 136
7850, 128
7851, 145
7852, 126
7853, 130
7854, 122
7855, 161
7856, 138
7857, 140
7858, 127
7859, 146
7860, 131
7861, 127
7862, 122
7863, 155
7864, 132
7865, 135
7866, 123
7867, 142
7868, 122
7869, 126
7870, 106
7871, 174
7872, 149
7873, 156
7874, 133
7875, 155
7876, 135
7877, 135
7878, 121
7879, 163
7880, 135
7881, 139
7882, 121
7883, 145
7884, 130
7885, 130
7886, 116
7887, 158
7888, 144
7889, 141
7890, 129
7891, 147
7892, 129
7893, 132
7894, 119
7895, 155
7896, 134
7897, 133
7898, 116
7899, 144
7900, 120
7901, 130
7902, 113
7903, 163
7904, 141
7905, 143
7906, 130
7907, 153
7908, 133
7909, 132
7910, 123
7911, 154
7912, 133
7913, 133
7914, 118
7915, 141
7916, 130
7917, 123
7918, 117
7919, 165
7920, 139
7921, 134
7922, 123
7923, 145
7924, 129
7925, 132
7926, 115
7927, 153
7928, 133
7929, 133
7930, 120
7931, 137
7932, 120
7933, 125
7934, 111
7935, 179
7936, 150
7937, 157
7938, 136
7939, 154
7940, 136
7941, 139
7942, 120
7943, 162
7944, 145
7945, 143
7946, 125
7947, 148
7948, 128
7949, 135
7950, 117
7951, 171
7952, 143
7953, 146
7954, 136
7955, 145
7956, 133
7957, 136
7958, 119
7959, 157
7960, 138
7961, 141
7962, 120
7963, 143
7964, 128
7965, 126
7966, 114
7967, 171
7968, 152
7969, 145
7970, 131
7971, 150
7972, 134
7973, 137
7974, 114
7975, 158
7976, 134
7977, 139
7978, 125
7979, 143
7980, 123
7981, 129
7982, 118
7983, 160
7984, 146
7985, 136
7986, 128
7987, 148
7988, 125
7989, 130
7990, 117
7991, 156
7992, 133
7993, 133
7994, 117
7995, 143
7996, 121
7997, 128
7998, 112
7999, 172
8000, 149
8001, 142
8002, 130
8003, 149
8004, 138
8005, 129
8006, 120
8007, 156
8008, 136
8009, 144
8010, 128
8011, 145
8012, 128
8013, 126
8014, 119
8015, 164
8016, 139
8017, 145
8018, 126
8019, 142
8020, 127
8021, 128
8022, 115
8023, 151
8024, 128
8025, 139
8026, 117
8027, 142
8028, 128
8029, 125
8030, 115
8031, 167
8032, 148
8033, 141
8034, 129
8035, 148
8036, 133
8037, 136
8038, 119
8039, 157
8040, 137
8041, 137
8042, 121
8043, 144
8044, 122
8045, 127
8046, 115
8047, 161
8048, 136
8049, 137
8050, 125
8051, 144
8052, 130
8053, 126
8054, 116
8055, 148
8056, 138
8057, 134
8058, 120
8059, 140
8060, 121
8061, 128
8062, 111
8063, 175
8064, 150
8065, 148
8066, 132
8067, 157
8068, 130
8069, 132
8070, 126
8071, 153
8072, 138
8073, 138
8074, 125
8075, 148
8076, 129
8077, 130
8078, 119
8079, 165
8080, 140
8081, 138
8082, 140
8083, 148
8084, 132
8085, 133
8086, 121
8087, 153
8088, 131
8089, 133
8090, 125
8091, 136
8092, 122
8093, 128
8094, 112
8095, 170
8096, 145
8097, 141
8098, 130
8099, 149
8100, 129
8101, 135
8102, 119
8103, 159
8104, 133
8105, 135
8106, 123
8107, 139
8108, 131
8109, 125
8110, 114
8111, 160
8112, 137
8113, 142
8114, 125
8115, 145
8116, 130
8117, 130
8118, 118
8119, 152
8120, 130
8121, 133
8122, 119
8123, 136
8124, 124
8125, 121
8126, 117
8127, 174
8128, 155
8129, 149
8130, 132
8131, 154
8132, 133
8133, 134
8134, 126
8135, 157
8136, 138
8137, 138
8138, 125
8139, 139
8140, 128
8141, 128
8142, 112
8143, 166
8144, 142
8145, 143
8146, 127
8147, 144
8148, 130
8149, 134
8150, 118
8151, 153
8152, 133
8153, 136
8154, 121
8155, 141
8156, 126
8157, 129
8158, 114
8159, 163
8160, 142
8161, 145
8162, 132
8163, 148
8164, 127
8165, 134
8166, 120
8167, 159
8168, 133
8169, 136
8170, 122
8171, 142
8172, 129
8173, 124
8174, 110
8175, 157
8176, 135
8177, 141
8178, 123
8179, 144
8180, 127
8181, 130
8182, 117
8183, 150
8184, 132
8185, 132
8186, 121
8187, 135
8188, 123
8189, 126
8190, 110
8191, 189
8192, 153
8193, 155
8194, 139
8195, 160
8196, 139
8197, 142
8198, 126
8199, 162
8200, 143
8201, 142
8202, 129
8203, 149
8204, 132
8205, 135
8206, 115
8207, 172
8208, 144
8209, 140
8210, 128
8211, 149
8212, 135
8213, 136
8214, 120
8215, 156
8216, 141
8217, 137
8218, 124
8219, 143
8220, 125
8221, 129
8222, 118
8223, 172
8224, 148
8225, 147
8226, 131
8227, 150
8228, 139
8229, 135
8230, 122
8231, 159
8232, 132
8233, 139
8234, 120
8235, 145
8236, 126
8237, 135
8238, 117
8239, 164
8240, 149
8241, 142
8242, 124
8243, 150
8244, 133
8245, 134
8246, 121
8247, 156
8248, 127
8249, 136
8250, 120
8251, 144
8252, 125
8253, 123
8254, 111
8255, 177
8256, 152
8257, 153
8258, 135
8259, 153
8260, 140
8261, 135
8262, 122
8263, 160
8264, 142
8265, 131
8266, 126
8267, 145
8268, 124
8269, 134
8270, 114
8271, 161
8272, 139
8273, 141
8274, 130
8275, 150
8276, 127
8277, 132
8278, 121
8279, 155
8280, 133
8281, 135
8282, 122
8283, 145
8284, 129
8285, 127
8286, 118
8287, 166
8288, 147
8289, 142
8290, 130
8291, 151
8292, 131
8293, 138
8294, 126
8295, 158
8296, 134
8297, 140
8298, 121
8299, 139
8300, 122
8301, 128
8302, 120
8303, 162
8304, 141
8305, 145
8306, 124
8307, 145
8308, 125
8309, 131
8310, 116
8311, 153
8312, 131
8313, 132
8314, 118
8315, 139
8316, 123
8317, 127
8318, 117
8319, 177
8320, 158
8321, 152
8322, 134
8323, 151
8324, 143
8325, 145
8326, 123
8327, 160
8328, 141
8329, 143
8330, 122
8331, 150
8332, 134
8333, 132
8334, 119
8335, 167
8336, 148
8337, 143
8338, 132
8339, 151
8340, 137
8341, 134
8342, 120
8343, 155
8344, 132
8345, 140
8346, 114
8347, 143
8348, 126
8349, 128
8350, 117
8351, 170
8352, 149
8353, 143
8354, 122
8355, 151
8356, 133
8357, 138
8358, 121
8359, 158
8360, 131
8361, 139
8362, 116
8363, 141
8364, 127
8365, 127
8366, 120
8367, 161
8368, 139
8369, 139
8370, 122
8371, 144
8372, 128
8373, 134
8374, 119
8375, 149
8376, 137
8377, 136
8378, 118
8379, 140
8380, 123
8381, 126
8382, 109
8383, 171
8384, 146
8385, 147
8386, 131
8387, 153
8388, 136
8389, 133
8390, 123
8391, 156
8392, 134
8393, 139
8394, 126
8395, 144
8396, 127
8397, 130
8398, 119
8399, 160
8400, 144
8401, 143
8402, 127
8403, 150
8404, 130
8405, 132
8406, 116
8407, 150
8408, 138
8409, 131
8410, 125
8411, 139
8412, 121
8413, 127
8414, 114
8415, 167
8416, 143
8417, 148
8418, 128
8419, 150
8420, 132
8421, 128
8422, 116
8423, 153
8424, 138
8425, 138
8426, 120
8427, 139
8428, 131
8429, 131
8430, 120
8431, 161
8432, 138
8433, 140
8434, 124
8435, 143
8436, 125
8437, 130
8438, 121
8439, 156
8440, 129
8441, 134
8442, 118
8443, 142
8444, 124
8445, 122
8446, 110
8447, 176
8448, 151
8449, 148
8450, 136
8451, 158
8452, 137
8453, 139
8454, 122
8455, 162
8456, 137
8457, 139
8458, 126
8459, 148
8460, 133
8461, 127
8462, 120
8463, 165
8464, 147
8465, 150
8466, 130
8467, 150
8468, 131
8469, 138
8470, 119
8471, 151
8472, 131
8473, 137
8474, 122
8475, 138
8476, 123
8477, 130
8478, 118
8479, 170
8480, 145
8481, 145
8482, 130
8483, 155
8484, 130
8485, 134
8486, 120
8487, 155
8488, 138
8489, 139
8490, 125
8491, 142
8492, 129
8493, 126
8494, 116
8495, 154
8496, 137
8497, 144
8498, 126
8499, 148
8500, 129
8501, 136
8502, 115
8503, 151
8504, 134
8505, 139
8506, 117
8507, 142
8508, 122
8509, 125
8510, 114
8511, 169
8512, 149
8513, 149
8514, 137
8515, 154
8516, 131
8517, 133
8518, 122
8519, 158
8520, 137
8521, 136
8522, 130
8523, 148
8524, 131
8525, 130
8526, 117
8527, 163
8528, 143
8529, 145
8530, 129
8531, 151
8532, 129
8533, 133
8534, 128
8535, 151
8536, 136
8537, 135
8538, 123
8539, 141
8540, 124
8541, 123
8542, 115
8543, 168
8544, 142
8545, 147
8546, 131
8547, 152
8548, 131
8549, 136
8550, 117
8551, 151
8552, 138
8553, 136
8554, 124
8555, 144
8556, 118
8557, 135
8558, 116
8559, 163
8560, 135
8561, 139
8562, 125
8563, 141
8564, 124
8565, 135
8566, 117
8567, 149
8568, 133
8569, 138
8570, 120
8571, 136
8572, 118
8573, 125
8574, 118
8575, 175
8576, 147
8577, 146
8578, 131
8579, 155
8580, 134
8581, 131
8582, 125
8583, 159
8584, 143
8585, 139
8586, 125
8587, 146
8588, 132
8589, 132
8590, 118
8591, 167
8592, 151
8593, 143
8594, 126
8595, 145
8596, 129
8597, 131
8598, 123
8599, 156
8600, 134
8601, 136
8602, 120
8603, 141
8604, 124
8605, 128
8606, 114
8607, 169
8608, 145
8609, 145
8610, 127
8611, 150
8612, 136
8613, 133
8614, 121
8615, 157
8616, 135
8617, 137
8618, 123
8619, 137
8620, 132
8621, 128
8622, 113
8623, 162
8624, 141
8625, 144
8626, 122
8627, 143
8628, 127
8629, 127
8630, 118
8631, 151
8632, 132
8633, 134
8634, 119
8635, 135
8636, 129
8637, 128
8638, 111
8639, 174
8640, 148
8641, 149
8642, 134
8643, 152
8644, 140
8645, 136
8646, 120
8647, 153
8648, 145
8649, 139
8650, 126
8651, 142
8652, 124
8653, 128
8654, 118
8655, 165
8656, 145
8657, 143
8658, 130
8659, 148
8660, 130
8661, 131
8662, 117
8663, 155
8664, 132
8665, 132
8666, 126
8667, 140
8668, 121
8669, 128
8670, 120
8671, 165
8672, 145
8673, 149
8674, 125
8675, 146
8676, 135
8677, 138
8678, 119
8679, 159
8680, 133
8681, 136
8682, 126
8683, 140
8684, 125
8685, 127
8686, 115
8687, 155
8688, 138
8689, 136
8690, 124
8691, 143
8692, 129
8693, 137
8694, 113
8695, 155
8696, 133
8697, 138
8698, 114
8699, 138
8700, 120
8701, 128
8702, 109
8703, 176
8704, 153
8705, 155
8706, 131
8707, 156
8708, 141
8709, 139
8710, 124
8711, 158
8712, 143
8713, 141
8714, 125
8715, 145
8716, 133
8717, 129
8718, 121
8719, 163
8720, 147
8721, 142
8722, 129
8723, 154
8724, 129
8725, 137
8726, 120
8727, 156
8728, 135
8729, 134
8730, 126
8731, 150
8732, 125
8733, 127
8734, 117
8735, 170
8736, 142
8737, 147
8738, 135
8739, 148
8740, 134
8741, 131
8742, 122
8743, 159
8744, 137
8745, 142
8746, 127
8747, 151
8748, 128
8749, 130
8750, 115
8751, 162
8752, 135
8753, 143
8754, 124
8755, 148
8756, 130
8757, 136
8758, 117
8759, 151
8760, 131
8761, 132
8762, 120
8763, 140
8764, 119
8765, 124
8766, 114
8767, 172
8768, 151
8769, 148
8770, 131
8771, 148
8772, 138
8773, 137
8774, 127
8775, 155
8776, 139
8777, 142
8778, 132
8779, 147
8780, 124
8781, 132
8782, 117
8783, 167
8784, 138
8785, 142
8786, 127
8787, 152
8788, 133
8789, 134
8790, 120
8791, 154
8792, 133
8793, 139
8794, 117
8795, 143
8796, 126
8797, 127
8798, 114
8799, 169
8800, 149
8801, 140
8802, 132
8803, 149
8804, 131
8805, 133
8806, 122
8807, 161
8808, 133
8809, 135
8810, 124
8811, 139
8812, 127
8813, 131
8814, 114
8815, 165
8816, 138
8817, 142
8818, 121
8819, 144
8820, 127
8821, 134
8822, 118
8823, 147
8824, 128
8825, 134
8826, 119
8827, 138
8828, 124
8829, 124
8830, 116
8831, 175
8832, 148
8833, 154
8834, 129
8835, 154
8836, 136
8837, 139
8838, 125
8839, 161
8840, 141
8841, 140
8842, 122
8843, 146
8844, 131
8845, 129
8846, 118
8847, 167
8848, 143
8849, 142
8850, 127
8851, 146
8852, 126
8853, 135
8854, 124
8855, 155
8856, 137
8857, 142
8858, 125
8859, 140
8860, 126
8861, 132
8862, 113
8863, 166
8864, 148
8865, 147
8866, 138
8867, 145
8868, 133
8869, 131
8870, 121
8871, 157
8872, 135
8873, 142
8874, 123
8875, 145
8876, 130
8877, 128
8878, 111
8879, 162
8880, 140
8881, 141
8882, 119
8883, 143
8884, 134
8885, 128
8886, 117
8887, 152
8888, 136
8889, 135
8890, 120
8891, 143
8892, 122
8893, 123
8894, 117
8895, 171
8896, 146
8897, 151
8898, 130
8899, 154
8900, 132
8901, 138
8902, 126
8903, 160
8904, 139
8905, 141
8906, 122
8907, 143
8908, 123
8909, 136
8910, 115
8911, 162
8912, 145
8913, 144
8914, 130
8915, 143
8916, 127
8917, 126
8918, 116
8919, 154
8920, 139
8921, 134
8922, 118
8923, 138
8924, 128
8925, 129
8926, 111
8927, 164
8928, 146
8929, 143
8930, 130
8931, 150
8932, 132
8933, 130
8934, 120
8935, 158
8936, 134
8937, 138
8938, 125
8939, 139
8940, 126
8941, 130
8942, 112
8943, 159
8944, 140
8945, 143
8946, 131
8947, 142
8948, 127
8949, 131
8950, 115
8951, 146
8952, 135
8953, 129
8954, 115
8955, 141
8956, 120
8957, 124
8958, 113
8959, 177
8960, 153
8961, 154
8962, 136
8963, 154
8964, 138
8965, 135
8966, 122
8967, 159
8968, 137
8969, 139
8970, 125
8971, 150
8972, 129
8973, 135
8974, 119
8975, 169
8976, 145
8977, 143
8978, 126
8979, 150
8980, 129
8981, 131
8982, 120
8983, 150
8984, 136
8985, 140
8986, 119
8987, 143
8988, 128
8989, 126
8990, 119
8991, 168
8992, 146
8993, 150
8994, 130
8995, 154
8996, 138
8997, 137
8998, 116
8999, 155
9000, 139
9001, 141
9002, 120
9003, 139
9004, 124
9005, 129
9006, 116
9007, 160
9008, 140
9009, 142
9010, 126
9011, 144
9012, 129
9013, 133
9014, 116
9015, 154
9016, 135
9017, 128
9018, 117
9019, 145
9020, 131
9021, 125
9022, 111
9023, 172
9024, 151
9025, 148
9026, 131
9027, 153
9028, 137
9029, 136
9030, 123
9031, 159
9032, 137
9033, 143
9034, 123
9035, 137
9036, 133
9037, 131
9038, 121
9039, 159
9040, 146
9041, 144
9042, 127
9043, 148
9044, 131
9045, 131
9046, 117
9047, 152
9048, 136
9049, 133
9050, 124
9051, 142
9052, 123
9053, 124
9054, 112
9055, 166
9056, 148
9057, 141
9058, 125
9059, 150
9060, 128
9061, 132
9062, 114
9063, 154
9064, 135
9065, 139
9066, 125
9067, 143
9068, 127
9069, 127
9070, 117
9071, 159
9072, 139
9073, 136
9074, 128
9075, 145
9076, 128
9077, 133
9078, 112
9079, 149
9080, 136
9081, 136
9082, 120
9083, 139
9084, 120
9085, 127
9086, 111
9087, 173
9088, 147
9089, 147
9090, 136
9091, 156
9092, 140
9093, 136
9094, 121
9095, 162
9096, 137
9097, 137
9098, 124
9099, 142
9100, 129
9101, 131
9102, 121
9103, 165
9104, 145
9105, 146
9106, 129
9107, 147
9108, 133
9109, 137
9110, 117
9111, 154
9112, 134
9113, 138
9114, 128
9115, 142
9116, 125
9117, 134
9118, 114
9119, 169
9120, 144
9121, 148
9122, 133
9123, 149
9124, 134
9125, 130
9126, 121
9127, 156
9128, 135
9129, 142
9130, 121
9131, 144
9132, 123
9133, 125
9134, 120
9135, 159
9136, 142
9137, 143
9138, 130
9139, 145
9140, 128
9141, 128
9142, 120
9143, 152
9144, 128
9145, 135
9146, 114
9147, 138
9148, 125
9149, 122
9150, 113
9151, 176
9152, 151
9153, 146
9154, 135
9155, 154
9156, 129
9157, 136
9158, 124
9159, 159
9160, 142
9161, 137
9162, 126
9163, 143
9164, 131
9165, 126
9166, 115
9167, 161
9168, 145
9169, 144
9170, 124
9171, 149
9172, 132
9173, 134
9174, 121
9175, 152
9176, 129
9177, 134
9178, 121
9179, 144
9180, 121
9181, 127
9182, 118
9183, 167
9184, 142
9185, 143
9186, 126
9187, 147
9188, 136
9189, 136
9190, 118
9191, 158
9192, 136
9193, 132
9194, 123
9195, 142
9196, 121
9197, 125
9198, 115
9199, 166
9200, 140
9201, 138
9202, 127
9203, 146
9204, 125
9205, 130
9206, 118
9207, 150
9208, 135
9209, 133
9210, 118
9211, 137
9212, 122
9213, 123
9214, 117
9215, 179
9216, 154
9217, 147
9218, 137
9219, 158
9220, 139
9221, 139
9222, 124
9223, 165
9224, 142
9225, 144
9226, 130
9227, 149
9228, 131
9229, 127
9230, 116
9231, 172
9232, 145
9233, 143
9234, 131
9235, 148
9236, 132
9237, 135
9238, 124
9239, 154
9240, 139
9241, 137
9242, 121
9243, 140
9244, 129
9245, 129
9246, 115
9247, 170
9248, 152
9249, 147
9250, 125
9251, 152
9252, 135
9253, 139
9254, 122
9255, 154
9256, 137
9257, 135
9258, 126
9259, 139
9260, 127
9261, 131
9262, 117
9263, 158
9264, 138
9265, 136
9266, 128
9267, 147
9268, 131
9269, 129
9270, 112
9271, 155
9272, 132
9273, 132
9274, 124
9275, 142
9276, 126
9277, 120
9278, 117
9279, 177
9280, 149
9281, 150
9282, 131
9283, 157
9284, 136
9285, 132
9286, 121
9287, 156
9288, 139
9289, 139
9290, 126
9291, 148
9292, 127
9293, 128
9294, 115
9295, 159
9296, 145
9297, 143
9298, 125
9299, 153
9300, 132
9301, 131
9302, 118
9303, 157
9304, 132
9305, 139
9306, 117
9307, 140
9308, 121
9309, 130
9310, 117
9311, 168
9312, 143
9313, 149
9314, 134
9315, 153
9316, 130
9317, 141
9318, 116
9319, 155
9320, 138
9321, 141
9322, 123
9323, 146
9324, 123
9325, 129
9326, 109
9327, 161
9328, 138
9329, 139
9330, 134
9331, 145
9332, 123
9333, 131
9334, 116
9335, 151
9336, 135
9337, 135
9338, 120
9339, 142
9340, 125
9341, 122
9342, 114
9343, 177
9344, 146
9345, 150
9346, 136
9347, 155
9348, 130
9349, 143
9350, 128
9351, 164
9352, 136
9353, 141
9354, 129
9355, 141
9356, 131
9357, 138
9358, 122
9359, 165
9360, 140
9361, 141
9362, 132
9363, 149
9364, 131
9365, 132
9366, 117
9367, 151
9368, 140
9369, 138
9370, 123
9371, 139
9372, 125
9373, 128
9374, 118
9375, 165
9376, 146
9377, 146
9378, 131
9379, 151
9380, 130
9381, 135
9382, 121
9383, 158
9384, 137
9385, 133
9386, 122
9387, 143
9388, 126
9389, 127
9390, 116
9391, 158
9392, 140
9393, 141
9394, 123
9395, 144
9396, 125
9397, 131
9398, 119
9399, 147
9400, 132
9401, 130
9402, 125
9403, 135
9404, 125
9405, 127
9406, 110
9407, 171
9408, 145
9409, 147
9410, 133
9411, 153
9412, 135
9413, 134
9414, 121
9415, 157
9416, 137
9417, 141
9418, 124
9419, 147
9420, 133
9421, 129
9422, 112
9423, 165
9424, 139
9425, 144
9426, 128
9427, 144
9428, 131
9429, 130
9430, 117
9431, 154
9432, 129
9433, 130
9434, 119
9435, 141
9436, 126
9437, 131
9438, 115
9439, 165
9440, 143
9441, 143
9442, 129
9443, 150
9444, 131
9445, 134
9446, 115
9447, 155
9448, 140
9449, 138
9450, 122
9451, 139
9452, 127
9453, 129
9454, 113
9455, 162
9456, 140
9457, 144
9458, 124
9459, 143
9460, 133
9461, 133
9462, 121
9463, 154
9464, 132
9465, 125
9466, 125
9467, 141
9468, 122
9469, 123
9470, 111
9471, 175
9472, 154
9473, 156
9474, 135
9475, 158
9476, 135
9477, 138
9478, 124
9479, 162
9480, 142
9481, 143
9482, 126
9483, 148
9484, 127
9485, 135
9486, 118
9487, 167
9488, 148
9489, 140
9490, 132
9491, 151
9492, 132
9493, 136
9494, 119
9495, 150
9496, 137
9497, 132
9498, 127
9499, 143
9500, 125
9501, 125
9502, 118
9503, 164
9504, 144
9505, 145
9506, 133
9507, 151
9508, 138
9509, 136
9510, 121
9511, 155
9512, 137
9513, 138
9514, 125
9515, 144
9516, 130
9517, 128
9518, 115
9519, 164
9520, 138
9521, 145
9522, 124
9523, 143
9524, 129
9525, 130
9526, 120
9527, 150
9528, 133
9529, 135
9530, 126
9531, 140
9532, 129
9533, 129
9534, 113
9535, 173
9536, 147
9537, 143
9538, 134
9539, 152
9540, 136
9541, 136
9542, 125
9543, 157
9544, 141
9545, 140
9546, 124
9547, 150
9548, 130
9549, 127
9550, 116
9551, 165
9552, 138
9553, 142
9554, 131
9555, 152
9556, 131
9557, 130
9558, 118
9559, 157
9560, 137
9561, 134
9562, 118
9563, 139
9564, 128
9565, 127
9566, 111
9567, 170
9568, 145
9569, 144
9570, 131
9571, 151
9572, 129
9573, 131
9574, 120
9575, 150
9576, 137
9577, 136
9578, 116
9579, 141
9580, 125
9581, 127
9582, 112
9583, 158
9584, 141
9585, 143
9586, 123
9587, 147
9588, 129
9589, 124
9590, 120
9591, 150
9592, 129
9593, 132
9594, 123
9595, 139
9596, 121
9597, 126
9598, 111
9599, 178
9600, 155
9601, 151
9602, 133
9603, 156
9604, 140
9605, 139
9606, 122
9607, 156
9608, 138
9609, 139
9610, 129
9611, 145
9612, 130
9613, 129
9614, 123
9615, 163
9616, 140
9617, 148
9618, 129
9619, 151
9620, 132
9621, 135
9622, 119
9623, 150
9624, 138
9625, 141
9626, 123
9627, 144
9628, 124
9629, 126
9630, 115
9631, 165
9632, 145
9633, 145
9634, 130
9635, 149
9636, 133
9637, 135
9638, 123
9639, 154
9640, 135
9641, 135
9642, 123
9643, 148
9644, 125
9645, 127
9646, 115
9647, 162
9648, 142
9649, 139
9650, 125
9651, 148
9652, 127
9653, 130
9654, 119
9655, 155
9656, 130
9657, 128
9658, 119
9659, 142
9660, 121
9661, 124
9662, 113
9663, 171
9664, 146
9665, 143
9666, 130
9667, 152
9668, 131
9669, 137
9670, 121
9671, 156
9672, 137
9673, 135
9674, 128
9675, 142
9676, 131
9677, 126
9678, 115
9679, 164
9680, 140
9681, 141
9682, 126
9683, 147
9684, 129
9685, 129
9686, 118
9687, 154
9688, 132
9689, 131
9690, 122
9691, 138
9692, 124
9693, 126
9694, 114
9695, 168
9696, 148
9697, 142
9698, 128
9699, 151
9700, 129
9701, 133
9702, 118
9703, 154
9704, 141
9705, 140
9706, 124
9707, 142
9708, 123
9709, 128
9710, 117
9711, 155
9712, 143
9713, 136
9714, 128
9715, 145
9716, 127
9717, 129
9718, 112
9719, 153
9720, 133
9721, 134
9722, 119
9723, 136
9724, 126
9725, 126
9726, 114
9727, 176
9728, 151
9729, 149
9730, 138
9731, 159
9732, 137
9733, 141
9734, 124
9735, 157
9736, 138
9737, 142
9738, 126
9739, 148
9740, 126
9741, 134
9742, 119
9743, 171
9744, 145
9745, 140
9746, 126
9747, 149
9748, 132
9749, 131
9750, 121
9751, 151
9752, 137
9753, 135
9754, 125
9755, 145
9756, 126
9757, 131
9758, 115
9759, 171
9760, 151
9761, 148
9762, 133
9763, 150
9764, 137
9765, 136
9766, 119
9767, 157
9768, 131
9769, 138
9770, 123
9771, 143
9772, 131
9773, 128
9774, 124
9775, 162
9776, 138
9777, 139
9778, 125
9779, 150
9780, 127
9781, 128
9782, 113
9783, 152
9784, 135
9785, 139
9786, 120
9787, 141
9788, 125
9789, 127
9790, 117
9791, 172
9792, 152
9793, 145
9794, 133
9795, 156
9796, 139
9797, 137
9798, 123
9799, 154
9800, 141
9801, 142
9802, 125
9803, 143
9804, 131
9805, 131
9806, 118
9807, 164
9808, 141
9809, 143
9810, 131
9811, 147
9812, 132
9813, 138
9814, 118
9815, 149
9816, 138
9817, 139
9818, 127
9819, 139
9820, 119
9821, 131
9822, 112
9823, 166
9824, 146
9825, 146
9826, 125
9827, 150
9828, 134
9829, 131
9830, 118
9831, 160
9832, 135
9833, 133
9834, 118
9835, 143
9836, 120
9837, 131
9838, 113
9839, 165
9840, 137
9841, 138
9842, 125
9843, 144
9844, 131
9845, 131
9846, 115
9847, 149
9848, 132
9849, 131
9850, 121
9851, 137
9852, 123
9853, 122
9854, 112
9855, 173
9856, 149
9857, 157
9858, 139
9859, 151
9860, 141
9861, 143
9862, 116
9863, 162
9864, 141
9865, 138
9866, 128
9867, 150
9868, 124
9869, 131
9870, 120
9871, 168
9872, 148
9873, 138
9874, 127
9875, 149
9876, 134
9877, 134
9878, 127
9879, 155
9880, 132
9881, 134
9882, 120
9883, 142
9884, 125
9885, 128
9886, 115
9887, 167
9888, 152
9889, 148
9890, 132
9891, 146
9892, 125
9893, 137
9894, 120
9895, 157
9896, 136
9897, 136
9898, 128
9899, 139
9900, 126
9901, 128
9902, 109
9903, 161
9904, 148
9905, 141
9906, 126
9907, 143
9908, 126
9909, 128
9910, 119
9911, 152
9912, 131
9913, 137
9914, 116
9915, 142
9916, 124
9917, 125
9918, 113
9919, 175
9920, 148
9921, 148
9922, 130
9923, 157
9924, 138
9925, 135
9926, 123
9927, 157
9928, 141
9929, 139
9930, 123
9931, 143
9932, 127
9933, 130
9934, 117
9935, 163
9936, 144
9937, 142
9938, 126
9939, 144
9940, 133
9941, 134
9942, 115
9943, 153
9944, 141
9945, 137
9946, 117
9947, 143
9948, 118
9949, 128
9950, 111
9951, 164
9952, 139
9953, 144
9954, 132
9955, 152
9956, 131
9957, 139
9958, 117
9959, 150
9960, 134
9961, 130
9962, 125
9963, 138
9964, 121
9965, 127
9966, 114
9967, 163
9968, 136
9969, 140
9970, 125
9971, 145
9972, 127
9973, 126
9974, 113
9975, 144
9976, 134
9977, 126
9978, 117
9979, 138
9980, 122
9981, 125
9982, 115
9983, 174
9984, 150
9985, 150
9986, 142
9987, 159
9988, 134
9989, 135
9990, 125
9991, 161
9992, 139
9993, 139
9994, 124
9995, 149
9996, 131
9997, 133
9998, 112
9999, 165

